id,doi,title,publication_year,type,topic_id,topic_name,abstract_text,cited_by_count,fwci,institutions_count,countries_count
https://openalex.org/W2374394470,,Dynamics of photon emission from a quantum dot in a microcavity,2009,article,T10022,Semiconductor Quantum Structures and Devices,"The master equation for the microcavity-quantum dot coupled system is established based on the quantum regression theorem,and the time-dependent evolution of the density matrix of the two-level system for a quantum dot in a microcavity is studied under pumping by laser pulses.The characteristics such as the number of emitted photons and the second-order corelation function are derived from the density matrixes.Parameters of the microcavity and the pumping conditions are optimized for single-photon sources.The relativity between the microcavity decay rate and coupling coefficient is critical for single photon emission.",0,0.0,1,1
https://openalex.org/W2981662896,https://doi.org/10.1016/j.jclepro.2019.118966,Eco-friendly and stable silver bismuth disulphide quantum dot solar cells via methyl acetate purification and modified ligand exchange,2019,article,T10321,Quantum Dots Synthesis And Properties,,41,1.8246,7,1
https://openalex.org/W2942539504,https://doi.org/10.1109/iscas.2019.8702477,Semiconductor Spin Qubits — A Scalable Platform for Quantum Computing?,2019,article,T10382,Quantum and electron transport phenomena,"For the realization of a quantum computer, a good qubit design as the basic building block is a nontrivial starting point. To fully leverage the potential of quantum computing, quantum processors will likely have to incorporate billions of high-quality qubits. Several approaches are being pursued and exhibit different strength and weaknesses. The device concepts and fabrication procedures for semiconductor based qubits are very similar to those used in the semiconductor industry. Using the spin-degree of freedom, their coherence properties and the quality of single-qubit operations have now reached the required level and are on par with competing approaches. Two-qubit operations will likely follow suit in the near future. With these basic requirements being met, it is now time to think if and how increasingly large multi-qubit systems and eventually functional quantum processor can be realized. This quest raises many pertinent questions, some of which equally apply to other qubit platforms. How reproducibly can the different types of semiconductor qubits be produced? How can their operating point be adjusted efficiently and in an automated way? How can they be connected to form meaningful multi-qubit circuits? How severe are multi-qubit control issues such as crosstalk and frequency crowding, and how can they be avoided? What control system architectures are most suitable for operating large numbers of qubits? What is the limit of cryogenic electronics regarding power consumption and integration density? This paper gives a (partial) overview of the state of the art in the field and discusses future challenges associated with the realization of large-scale quantum processors, many of which will greatly benefit from input from engineering science. The guiding vision is that of a highly integrated quantum processor with an ultra-low power cryogenic control system.",29,2.9817,2,1
https://openalex.org/W2986316063,https://doi.org/10.1063/1.5124139,High-order harmonic generation using quasi-phase matching and two-color pump in the plasmas containing molecular and alloyed metal sulfide quantum dots,2019,article,T10566,Laser-Matter Interactions and Applications,"As high-order harmonic emitters, quantum dots are produced through laser-induced plasmas. Subsequently, we generate high-order harmonics with 800-nm and 30-fs pulses from laser-produced plasmas containing quantum dots of different metal sulfides (Ag2S, CdS, and Cd0.5Zn0.5S). The high-order harmonic generation is analyzed using different approaches, including two-color (800 nm + 400 nm) pump, application of alloyed quantum dots, and quasiphase matching of interacting waves. We discuss the self-phase modulation induced splitting of harmonics, the difference in the application of thick and thin crystals for second harmonic (400 nm) emission during two-color pumping of the quantum dot plasma, the spatial modulation of the quantum dot plasma for quasiphase matching, and the comparison of harmonic yields from monomer and quantum dot plasmas. This study allows us to determine the mechanisms of coherent extreme ultraviolet radiation generation using a few nanometer-sized emitters as well as optimal methods for further enhancing the high-order harmonic generation efficiency.",25,2.2535,10,5
https://openalex.org/W2187797979,,Simulation ofInGaN Violet andUltraviolet Multiple-Quantum-Well LaserDiodes,2006,article,T10099,GaN-based semiconductor devices and materials,,0,0.0,2,0
https://openalex.org/W4229084011,https://doi.org/10.1016/j.rinp.2022.105575,Simulation of silicon quantum dots with diamond-channel by simplified ME model,2022,article,T10558,Advancements in Semiconductor Devices and Circuit Design,"Developing novel silicon quantum dots (Si-QDs) on conventional CMOS process is one of the most important technologies in Si quantum computing to realize multi-bit integration with a large scale. In this paper, an analysis model based on master equation and realized by Python code is established to predict and optimize the performance of fabricated diamond channel Si-QDs for potential circuit applications. The model can fast describe the I-V characteristics of devices both in qualitative and semi quantitative method. The inherent tunneling process of Si-QDs can be well simulated by introducing additional parameters and the contribution of neighboring states can be analyzed by setting global parameters. In addition, the calculation speed and accuracy can be readily balanced by modifying the setting parameters. The simulation results of the model are in good agreement with the experimental results at low temperature, which lays a foundation for the performance prediction, structure and process optimization of the Si-QDs for a large scale circuit applications.",4,0.3694,4,1
https://openalex.org/W4385656618,https://doi.org/10.1039/d3ma00340j,Advances in the ratiometric combination of quantum dots for their use in sensing applications,2023,article,T11342,Carbon and Quantum Dots Applications,"Quantum dots are novel nanomaterials due to their nanoscale size and diverse characteristics. They serve as low-cost visual sensors, widely studied for sensing applications, including ratiometric combinations, to enhance the limit of detection.",12,1.1203,3,1
https://openalex.org/W1517954771,,24pYH-6 Dependence of Hybridization Gaps of Bi/Ag-√ ×√ / Ag Quantum-Well Films on the Film Thickness and Quantum Number,2008,article,T10037,Physics of Superconductivity and Magnetism,,0,0.0,6,0
https://openalex.org/W1606923443,https://doi.org/10.1126/science.1232296,Emergence and Frustration of Magnetism with Variable-Range Interactions in a Quantum Simulator,2013,article,T11682,Advanced Condensed Matter Physics,"Frustration, or the competition between interacting components of a network, is often responsible for the emergent complexity of many-body systems. For instance, frustrated magnetism is a hallmark of poorly understood systems such as quantum spin liquids, spin glasses, and spin ices, whose ground states can be massively degenerate and carry high degrees of quantum entanglement. Here, we engineer frustrated antiferromagnetic interactions between spins stored in a crystal of up to 16 trapped (171)Yb(+) atoms. We control the amount of frustration by continuously tuning the range of interaction and directly measure spin correlation functions and their coherent dynamics. This prototypical quantum simulation points the way toward a new probe of frustrated quantum magnetism and perhaps the design of new quantum materials.",448,38.7807,10,1
https://openalex.org/W1991987408,https://doi.org/10.1109/nano.2010.5698033,Counter designs in quantum-dot cellular automata,2010,article,T13182,Quantum-Dot Cellular Automata,"In this paper, we present a new method for the design of an n-bit synchronous binary up counter in quantum-dot cellular automata (QCA). This method is based on the JK flip-flop which almost always produces the simplest combinational logic in traditional sequential circuits. We implement a new QCA architecture for the JK flip-flop. Compared to the existing QCA JK flip-flop, the majority gate count, cell count, clock cycle count, and area of our QCA JK flip-flop are reduced by 57.1%, 88.1%, 55.6%, and 92.0%, respectively. Based on our QCA JK flip-flop, a method of extending state cells is proposed to design the QCA layout of the n-bit counter, such that all the clock cycle counts between any two state cells become 1. This feature can ensure that one count just takes one clock cycle, in existing methods, however, one count needs to take n−1 clock cycles. Comparisons indicate that, by applying our method, the hardware requirements (i.e., complexity and area) for QCA n-bit counter can be greatly reduced.",18,1.38829241,3,1
https://openalex.org/W2023041187,https://doi.org/10.1063/1.1830676,Capture and release of photonic images in a quantum well,2004,article,T11414,Quantum optics and atomic interactions,"The capture of an optical image in the plane of a semiconductor quantum well and the subsequent re-emission of this image in the form of a two-dimensional photon flux is demonstrated. Spatially resolved storage of photonic signals in a two-dimensional lateral potential landscape of the quantum well is employed to imprint optical images in the form of trapped photogenerated charges into the solid. The lateral two-dimensional potential modulation leads to very long storage times by a deliberate spatial separation of photogenerated electron–hole pairs. Once the potential modulation is lifted, the initial optical information is restored and the photographed image is released in a flash of light.",27,1.1725,8,2
https://openalex.org/W2245530925,,Accumulation-Only Device Architecture for Si/SiGe Single Quantum Dots,2015,article,T10022,Semiconductor Quantum Structures and Devices,,0,0.0,4,0
https://openalex.org/W2234984205,https://doi.org/10.1007/s13538-015-0363-6,Mechanical Strain in Capped and Uncapped Self-Assembled Ge/Si Quantum Dots,2015,article,T10022,Semiconductor Quantum Structures and Devices,,0,0.0,3,2
https://openalex.org/W2750567388,https://doi.org/10.1088/1367-2630/aaa752,First principles predictions of magneto-optical data for semiconductor point defect identification: the case of divacancy defects in 4H–SiC,2018,article,T10478,Diamond and Carbon-based Materials Research,"Study and design of magneto-optically active single point defects in semiconductors are rapidly growing fields due to their potential in quantum bit (qubit) and single photon emitter applications. Detailed understanding of the properties of candidate defects is essential for these applications, and requires the identification of the defects microscopic configuration and electronic structure. In multicomponent semiconductors point defects often exhibit several non-equivalent configurations of similar but different characteristics. The most relevant example of such point defect is the divacancy in silicon carbide, where some of the non-equivalent configurations implement room temperature qubits. Here, we identify four different configurations of the divacancy in 4H-SiC via the comparison of experimental measurements and results of first-principle calculations. In order to accomplish this challenging task, we carry out an exhaustive numerical accuracy investigation of zero-phonon line and hyperfine coupling parameter calculations. Based on these results, we discuss the possibility of systematic quantum bit search.",68,2.3752,6,0
https://openalex.org/W4233758801,https://doi.org/10.1067/s0363-0188(08)00023-6,Information for Readers,2008,article,T10022,Semiconductor Quantum Structures and Devices,,0,0.0,0,0
https://openalex.org/W2463731994,https://doi.org/10.1088/1674-1056/25/7/077101,"Electronic structure, Dirac points and Fermi arc surface states in three-dimensional Dirac semimetal Na <sub>3</sub> Bi from angle-resolved photoemission spectroscopy",2016,article,T10657,Topological Materials and Phenomena,"The three-dimensional (3D) Dirac semimetals have linearly dispersive 3D Dirac nodes where the conduction band and valence band are connected. They have isolated 3D Dirac nodes in the whole Brillouin zone and can be viewed as a 3D counterpart of graphene. Recent theoretical calculations and experimental results indicate that the 3D Dirac semimetal state can be realized in a simple stoichiometric compound A <sub>3</sub>Bi (A = Na, K, Rb). Here we report comprehensive high-resolution angle-resolved photoemission (ARPES) measurements on the two cleaved surfaces, (001) and (100), of Na<sub>3</sub>Bi. On the (001) surface, by comparison with theoretical calculations, we provide a proper assignment of the observed bands, and in particular, pinpoint the band that is responsible for the formation of the three-dimensional Dirac cones. We observe clear evidence of 3D Dirac cones in the three-dimensional momentum space by directly measuring on the k <sub>x</sub>-k <sub>y</sub> plane and by varying the photon energy to get access to different out-of-plane k <sub>z</sub>s. In addition, we reveal new features around the Brillouin zone corners that may be related with surface reconstruction. On the (100) surface, our ARPES measurements over a large momentum space raise an issue on the selection of the basic Brillouin zone in the (100) plane. We directly observe two isolated 3D Dirac nodes on the (100) surface. We observe the signature of the Fermi-arc surface states connecting the two 3D Dirac nodes that extend to a binding energy of ∼150 meV before merging into the bulk band. Our observations constitute strong evidence on the existence of the Dirac semimetal state in Na<sub>3</sub>Bi that are consistent with previous theoretical and experimental work. In addition, our results provide new information to clarify on the nature of the band that forms the 3D Dirac cones, on the possible formation of surface reconstruction of the (001) surface, and on the issue of basic Brillouin zone selection for the (100) surface.",24,1.9564,29,2
https://openalex.org/W2089266660,https://doi.org/10.1103/physrevlett.110.097002,Quantum Synchronization of Conjugated Variables in a Superconducting Device Leads to the Fundamental Resistance Quantization,2013,article,T10382,Quantum and electron transport phenomena,"We propose a way to achieve quantum synchronization of two canonically conjugated variables. For this, we employ a superconducting device where the synchronization of Josephson and Bloch oscillations results in the quantization of transresistance similar to that in the (fractional) quantum Hall effect. An LC oscillator is a key component to achieve an exponentially small rate of synchronization errors.",42,3.5358,2,1
https://openalex.org/W2773078155,https://doi.org/10.1016/j.matdes.2017.12.010,Graphene quantum dots enhance UV photoresponsivity and surface-related sensing speed of zinc oxide nanorod thin films,2017,article,T11342,Carbon and Quantum Dots Applications,,44,1.733,3,1
https://openalex.org/W2023918593,https://doi.org/10.1117/12.497184,&lt;title&gt;Optical diagnostics of InGaAs quantum well in pseudomorphic modulation-doped Al&lt;formula&gt;&lt;inf&gt;&lt;roman&gt;1-x&lt;/roman&gt;&lt;/inf&gt;&lt;/formula&gt;Ga&lt;formula&gt;&lt;inf&gt;&lt;roman&gt;x&lt;/roman&gt;&lt;/inf&gt;&lt;/formula&gt;As/In&lt;formula&gt;&lt;inf&gt;&lt;roman&gt;y&lt;/roman&gt;&lt;/inf&gt;&lt;/formula&gt;Ga&lt;formula&gt;&lt;inf&gt;&lt;roman&gt;1-y&lt;/roman&gt;&lt;/inf&gt;&lt;/formula&gt;As/GaAs heterostructures of less-than-critical layer thickness&lt;/title&gt;,2003,article,T10022,Semiconductor Quantum Structures and Devices,Pseudomorphic strained-layer Al<sub>x</sub>Ga<sub>1-x</sub>As/In<sub>y</sub>Ga<sub>1-y</sub>As/GaAs heterostructures have been studied by means of photoluminescence (PL) and Raman scattering. It is established the correlation between the PL line shape changes and the Raman spectra modification when the QW width is below the critical layer thickness (CLT) estimated to be of 25 nm for <i>y</i> = 0.1. The PL feature observed for the InGaAs QW width equal to 20 nm as extremely narrow exciton-like peak with the FWHM equal 1.5 meV at low temperature (<i>T</i> = 6K) transforms into broad band of the FWHM equal 16 meV when the QW width reaches the value about of 12 nm. The PL line shape broadening is accompanied by the modifications of Raman spectra. A new line arising at the spectral position <i>v</i> = 160 cm<sup>-1</sup> is assigned to impurity-induced longitudinal acoustic optical mode of In<sub>y</sub>Ga<sub>1-y</sub>As. The changes observed in optical spectra are related to generation of defects in the under-CLT region.,0,0.0,9,3
https://openalex.org/W1924622933,https://doi.org/10.1039/c5nr04839g,Doped quantum dot@silica nanocomposites for white light-emitting diodes,2015,article,T10321,Quantum Dots Synthesis And Properties,"This work reports the use of a near-UV-LED chip in combination with blue, green-yellow and red emitting doped ZnSe QD@silica nanocomposites to construct a novel WLED with reduced scattering and no reabsorption. Blue, green-yellow and red emitting Cu or Mn doped ZnSe QDs with enlarged Stokes shifts and similar absorption peaks (360-410 nm) were synthesized in liquid paraffin in order to solve the reabsorption problem and also obtain balanced white emission spectra. Silica shells were then coated onto the doped QDs, allowing for the refractive index of the nanocomposites to be tailored while simultaneously improving their compatibility with the epoxy resin. The transparent doped ZnSe QD@SiO2/epoxy composite was then used as a light conversion and encapsulant material in combination with the near-UV-LED chip to fabricate the WLED. This fabricated WLED demonstrated high luminous efficiency and good color chromatics stability, suggesting that WLEDs based on highly fluorescent doped ZnSe QD@silica nanocomposites in combination with near-UV-LED chips may prove to be promising candidates for alternative light sources.",56,3.5378,6,1
https://openalex.org/W3177197246,https://doi.org/10.1002/sdtp.14843,64‐3: <i>Invited Paper:</i> High Optical Density Quantum Dot Pixel Color Conversion Films for Displays,2021,article,T10321,Quantum Dots Synthesis And Properties,"Quantum Dot downconverters will enable high‐resolution, bright, and wide color gamut displays for all display formats. We have developed a method to directly photopattern densely packed InP/ZnS Quantum Dots that achieve an optical density of 2 at sub 10 µm thicknesses while preserving high photoluminescence quantum yield.",1,0.0789,5,2
https://openalex.org/W3034819083,https://doi.org/10.1038/s41598-020-66499-4,Analysis of Surface Current by Quantum Tunneling Effect of Thin Film Transistors with Topological Insulators,2020,article,T10083,Graphene research and applications,"Dirac insulator and Weyl conductors have different semiconductor structures. A Dirac insulator is a SiOC insulated thin film, and a Weyl conductor consists of transistors with different semiconductor structures combining channels with SiOC insulated films. The transfer characteristics of transistors were investigated in this study. The difference between Dirac insulators and Weyl conductors is the same as the difference between transistors without channels and transistors with channels. Transistors without channels exhibit bidirectional transmission characteristics due to the spin currents of the Dirac insulators. By contrast, transistors with channels display unidirectional transmission characteristics consistent with the movement of the charges in the channels. This unidirectional transmission characteristic results in an existence of the threshold voltage and leakage current.",6,0.4071,1,1
https://openalex.org/W3146111263,,Kondo Resonance Splitting in a Quantum Dot with Perpendicular Magnetic Fields,2009,article,T10382,Quantum and electron transport phenomena,,0,0.0,8,0
https://openalex.org/W2091219134,https://doi.org/10.1142/9789812705556_0013,EFFECT OF DOPING AT THE SUBSTRATE/BUFFER LAYER INTERFACE ON THE RASHBA COEFFICIENT α IN In<sub>0.52</sub>Al<sub>0.48</sub>As/In<sub>0.53</sub>Ga<sub>0.47</sub>As/In<sub>0.52</sub>Al<sub>0.48</sub>As ASYMMETRIC QUANTUM WELLS,2003,article,T10558,Advancements in Semiconductor Devices and Circuit Design,,0,0.0,3,1
https://openalex.org/W4393979013,https://doi.org/10.1111/1541-4337.13339,Quantum dots as advanced nanomaterials for food quality and safety applications: A comprehensive review and future perspectives,2024,review,T11342,Carbon and Quantum Dots Applications,"The importance of food quality and safety lies in ensuring the best product quality to meet consumer demands and public health. Advanced technologies play a crucial role in minimizing the risk of foodborne illnesses, contamination, drug residue, and other potential hazards in food. Significant materials and technological advancements have been made throughout the food supply chain. Among them, quantum dots (QDs), as a class of advanced nanomaterials with unique physicochemical properties, are progressively demonstrating their value in the field of food quality and safety. This review aims to explore cutting-edge research on the different applications of QDs in food quality and safety, including encapsulation of bioactive compounds, detection of food analytes, food preservation and packaging, and intelligent food freshness indicators. Moreover, the modification strategies and potential toxicities of diverse QDs are outlined, which can affect performance and hinder applications in the food industry. The findings suggested that QDs are mainly used in analyte detection and active/intelligent food packaging. Various food analytes can be detected using QD-based sensors, including heavy metal ions, pesticides, antibiotics, microorganisms, additives, and functional components. Moreover, QD incorporation aided in improving the antibacterial and antioxidant activities of film/coatings, resulting in extended shelf life for packaged food. Finally, the perspectives and critical challenges for the productivity, toxicity, and practical application of QDs are also summarized. By consolidating these essential aspects into this review, the way for developing high-performance QD-based nanomaterials is presented for researchers and food technologists to better capitalize upon this technology in food applications.",72,7.9659,11,3
https://openalex.org/W2084696047,https://doi.org/10.1103/physrevb.91.140102,"NMR detection of dynamical processes in antiferroelectric nanoclusters during the order-disorder transition in<mml:math xmlns:mml=""http://www.w3.org/1998/Math/MathML""><mml:mrow><mml:msub><mml:mi>NH</mml:mi><mml:mn>4</mml:mn></mml:msub><mml:msub><mml:mi mathvariant=""normal"">H</mml:mi><mml:mn>2</mml:mn></mml:msub><mml:msub><mml:mi>AsO</mml:mi><mml:mn>4</mml:mn></mml:msub></mml:mrow></mml:math>",2015,article,T11878,Solid-state spectroscopy and crystallography,"We study the dynamics of inorganic antiferroelectric nanoclusters formed during an order-disorder transition and demonstrate the coexistence of the two phases in a region of 2--3 K around the transition temperature ${T}_{N}\ensuremath{\sim}215$ K. Single crystals of ${\mathrm{NH}}_{4}{\mathrm{H}}_{2}{\mathrm{AsO}}_{4}$, a model hydrogen-bonded compound, show an antiferroelectric-paraelectric transition studied by means of highly sensitive magic angle spinning ${}^{15}\mathrm{N}$ NMR at 21.1 T. The phase coexistence is demonstrated by a double-peak structure of the chemical shift. Two-dimensional chemical exchange spectroscopy and spin-lattice relaxation time $({T}_{1})$ measurements show that the clusters are dynamic with sizes $\ensuremath{\sim}50$ nm and lifetimes approaching seconds as $T\ensuremath{\rightarrow}{T}_{N}$. Their occupancy increases rapidly to fill the crystal volume below ${T}_{N}$. This study provides evidence for the commonality of the phase transitions in systems with electric properties and provides an improved spectroscopic method for such studies.",5,0.4214,4,1
https://openalex.org/W2075498946,https://doi.org/10.1016/j.matchemphys.2011.06.023,Hydrothermal synthesis of CdTe QDs: Their luminescence quenching in the presence of bio-molecules and observation of bistable memory effect in CdTe QD/PEDOT:PSS heterostructure,2011,article,T10321,Quantum Dots Synthesis And Properties,,21,0.6416,2,1
https://openalex.org/W3098513997,,Pulsed Rabi oscillations in quantum two-level systems: beyond the area theorem,2018,article,T10022,Semiconductor Quantum Structures and Devices,"The Area Theorem states that when a short optical pulse drives a quantum two-level system, it undergoes Rabi oscillations in the probability of scattering a single photon. In this work, we investigate the breakdown of the Area Theorem as both the pulse length becomes non-negligible and for certain pulse areas. Using simple quantum trajectories, we provide an analytic approximation to the photon emission dynamics of a two-level system. Our model provides an intuitive way to understand re-excitation, which elucidates the mechanism behind the two-photon emission events that can spoil single-photon emission. We experimentally measure the emission statistics from a semiconductor quantum dot, acting as a two-level system, and show good agreement with our simple model for short pulses. Additionally, the model clearly explains our recent results [K. Fischer and L. Hanschke, et al., Nature Physics (2017)] showing dominant two-photon emission from a two-level system for pulses with interaction areas equal to an even multiple of $\pi$.",30,2.2233,6,2
https://openalex.org/W4391723875,https://doi.org/10.1016/j.jallcom.2024.173823,High-temperature and continuous wave-operation of all-MOCVD grown InAs/GaAs quantum dot laser diodes with highly strained layer and low temperature p-AlGaAs cladding layer,2024,article,T10022,Semiconductor Quantum Structures and Devices,,7,2.2807,8,1
https://openalex.org/W2082630934,https://doi.org/10.1145/1324177.1324180,A model for computing and energy dissipation of molecular QCA devices and circuits,2008,article,T13182,Quantum-Dot Cellular Automata,"Quantum-dot Cellular Automata is an emerging technology that offers significant improvements over CMOS. Recently QCA has been advocated as a technology for implementing reversible computing. However, existing tools for QCA design and evaluation have limited capabilities. This paper presents a new mechanical-based model for computing in QCA. By avoiding a full quantum-thermodynamical calculation, it offers a classical view of the principles of QCA operation and can be used in evaluating energy dissipation for reversible computing. The proposed model is mechanically based and is applicable to six-dot (neutrally charged) QCA cells for molecular implementation. The mechanical model consists of a sleeve of changing shape; four electrically charged balls are connected by a stick that rotates around an axle in the sleeve. The sleeve acts as a clocking unit, while the angular position of the stick within the changing shape of the sleeve, identifies the phase for quasi-adiabatic switching. A thermodynamic analysis of the proposed model is presented. The behaviors of various QCA basic devices and circuits are analyzed using the proposed model. It is shown that the proposed model is capable of evaluating the energy consumption for reversible computing at device and circuit levels for molecular QCA implementation. As applicable to QCA, two clocking schemes are also analyzed for energy dissipation and performance (in terms of number of clocking zones).",26,3.6047,3,1
https://openalex.org/W2470630561,https://doi.org/10.1021/acs.analchem.6b01941,Carbon-Dot and Quantum-Dot-Coated Dual-Emission Core–Satellite Silica Nanoparticles for Ratiometric Intracellular Cu<sup>2+</sup> Imaging,2016,article,T11342,Carbon and Quantum Dots Applications,"Copper (Cu(2+)) is physiologically essential, but excessive Cu(2+) may cause potential risk to plants and animals due to the bioaccumulative properties. Hence, sensitive recognition is crucial to avoid overintake of Cu(2+), and visual recognition is more favored for practical application. In this work, a dual-emission ratiometric fluorescent nanoprobe was developed possessing the required intensity ratio, which can facilitate the sensitive identification of Cu(2+) by the naked eye. The probe hybridizes two fluorescence nanodots (quantum dots (QDs) and carbon dots (CDs)). Although both of them can be viable fluorescence probes for metal ion detection, rarely research has coupled this two different kinds of fluorescence material in one nanosensor to fabricate a selectively ratiometric fluorescence probe for intracellular imaging. The red emitting CdTe/CdS QDs were capped around the silica microsphere to serve as the response signal label, and the blue-emitting CDs, which is insensitive to the analyte, were covalently attached to the QDs surface to act as the reference signal. This core-satellite hybrid sphere not only improves the stability and brightness of QDs significantly but also decreases the cytotoxicity toward HeLa cells tremendously. Moreover, the Cu(2+) could quench the QDs emission effectively but have no ability for reduction of the CDs emission. Accordingly, a simple, efficient, and precise method for tracing Cu(2+) was proposed. The increase of Cu(2+) concentration in the series of 0-3 × 10(-6) M was in accordance with linearly decrease of the F650/F425 ratio. As for practical application, this nanosensor was utilized to the ratiometric fluorescence imaging of copper ions in HeLa cells.",114,7.9014,8,1
https://openalex.org/W2001970361,https://doi.org/10.1063/1.4894239,A carrier relaxation bottleneck probed in single InGaAs quantum dots using integrated superconducting single photon detectors,2014,article,T10022,Semiconductor Quantum Structures and Devices,"Using integrated superconducting single photon detectors, we probe ultra-slow exciton capture and relaxation dynamics in single self-assembled InGaAs quantum dots embedded in a GaAs ridge waveguide. Time-resolved luminescence measurements performed with on- and off-chip detection reveal a continuous decrease in the carrier relaxation time from 1.22 ± 0.07 ns to 0.10 ± 0.07 ns upon increasing the number of non-resonantly injected carriers. By comparing off-chip time-resolved spectroscopy with spectrally integrated on-chip measurements, we identify the observed dynamics in the rise time (τr) as arising from a relaxation bottleneck at low excitation levels. From the comparison with the temporal dynamics of the single exciton transition with the on-chip emission signal, we conclude that the relaxation bottleneck is circumvented by the presence of charge carriers occupying states in the bulk material and the two-dimensional wetting layer continuum. A characteristic τr ∝ P−2∕3 power law dependence is observed suggesting Auger-type scattering between carriers trapped in the quantum dot and the two-dimensional wetting layer continuum which circumvents the phonon relaxation bottleneck.",19,2.8591,9,2
https://openalex.org/W2043757904,https://doi.org/10.1109/jphot.2012.2225140,Optimization of Quantum-Dot Molecular Beam Epitaxy for Broad Spectral Bandwidth Devices,2012,article,T10022,Semiconductor Quantum Structures and Devices,"The optimization of the key growth parameters for broad spectral bandwidth devices based on quantum dots is reported. A combination of atomic force microscopy, photoluminescence of test samples, and optoelectronic characterization of superluminescent diodes (SLDs) is used to optimize the growth conditions to obtain high-quality devices with large spectral bandwidth, radiative efficiency (due to a reduced defective-dot density), and thus output power. The defective-dot density is highlighted as being responsible for the degradation of device performance. An SLD device with 160 nm of bandwidth centered at 1230 nm is demonstrated.",11,0.8541,5,2
https://openalex.org/W1921991582,https://doi.org/10.1088/0031-8949/90/6/068018,Lorentz transformations for massive two-particle systems: entanglement change and invariant subspaces,2015,article,T10622,Quantum Mechanics and Applications,"Lorentz boosts on particles with spin and momentum degrees of freedom induce momentum-dependent rotations. Since, in general, different particles have different momenta, the transformation on the whole state is not a representation of the rotation group. Here we identify the group that acts on a two-particle system and, for the case when the momenta of the particles are correlated, find invariant subspaces that have interesting properties for quantum information processes in relativistic scenarios. A basis of states is proposed for the study of transformations of spin states under Lorentz boosts, which is a good candidate for building quantum communication protocols in relativistic scenarios.",5,0.4339,2,1
https://openalex.org/W4380087105,https://doi.org/10.1038/s42005-023-01244-7,Hydrogenic spin-valley states of the bromine donor in 2H-MoTe2,2023,article,T10275,2D Materials and Applications,"Abstract In semiconductors, the identification of doping atomic elements allowing to encode a qubit within spin states is of intense interest for quantum technologies. In transition metal dichalcogenides semiconductors, the strong spin-orbit coupling produces locked spin-valley states with expected long coherence time. Here we study the substitutional Bromine Br Te dopant in 2H-MoTe 2 . Electron spin resonance measurements show that this dopant carries a spin with long-lived nanoseconds coherence time. Using scanning tunneling spectroscopy, we find that the hydrogenic wavefunctions associated with the dopant levels have characteristics spatial modulations that result from their hybridization to the Q -valleys of the conduction band. From a Fourier analysis of the conductance maps, we find that the amplitude and phase of the Fourier components change with energy according to the different irreducible representations of the impurity-site point-group symmetry. These results demonstrate that a dopant can inherit the locked spin-valley properties of the semiconductor and so exhibit long spin-coherence time.",5,0.4578,17,4
https://openalex.org/W2776950793,https://doi.org/10.1107/s2053273317089343,Exploring the salt–co-crystal continuum with ssNMR using natural abundance samples,2017,article,T12613,X-ray Diffraction in Crystallography,"There is a significant recent interest in differentiating multi-component solid forms such as salt, cocrystal, and their continuum, owing to the direct relationship of property to clinical, regulatory and legal requirements for an active pharmaceutical ingredient (API). In this context, detection of the H-atom position in a hydrogen bond X-HA-Y is a matter of fundamental and practical importance.[1] In the present study, solid forms of simple cocrystals/salts were investigated by high field (700 MHz) solid-state NMR (ssNMR) technique using the samples with naturally abundant 15N nuclei. Several model compounds in a series of prototypical salt/cocrystal/continuum systems exhibiting the {PyNH-O-}/{PyN+-HO-} type of hydrogen bonds were selected and prepared. The crystal structures were determined at low temperature and room temperature using X-ray diffraction. Accurate H-atom positions were determined by measuring the 15N-1H distances through 15N-1H dipolar interactions using 2D inversely proton-detected cross-polarization with variable contact-time (invCP-VC) 1H15N1H experiments at ultra-fast (R 60-70 kHz) magic angle spinning (MAS) frequency.[2]",0,0.0,7,2
https://openalex.org/W2944509717,https://doi.org/10.1134/s0030400x19010065,Configuration Resonance and Generation Rate of Surface Plasmon Polaritons Excited by Semiconductor Quantum Dots near a Metal Surface,2019,article,T10295,Plasmonic and Surface Plasmon Research,"We discuss particular features of generation of surface plasmon polaritons in a metal–dielectric planar interface that is coupled to semiconductor quantum dots by near-field interactions. As a model of working medium for performing numerical experiment, we use a gold metal surface onto which a polyethylene terephthalate film containing CdSe semiconductor spherical quantum dot is deposited. The problem of optimizing the radius of a quantum dot and its distance to a metal surface is solved for achieving the maximum transfer efficiency of the quantum dot energy for the generation of surface plasmon polaritons. Dispersion effects of the surface wave generation rate associated with deviations of the radius of quantum dots and their distance to the metal surface from the corresponding average values are taken into account.",4,0.3912,3,1
https://openalex.org/W4205536428,https://doi.org/10.1002/adts.202100350,Topological Quantum Cathode Materials for Fast Charging Li‐Ion Battery Identified by Machine Learning and First Principles Calculation,2022,article,T10083,Graphene research and applications,"Abstract Fast charging electrode materials require excellent ion conductivity as well as high and stable electrical conductivity. However, the main commercial cathode materials are semiconducting transition metal oxides suffering from low electrical conductivity, so cathode materials with good electrical conductivity are highly desirable. It is well‐known that topological quantum materials (TQMs) can exhibit robust electrical conductivity, thus providing a promising solution to this problem. The key question becomes which TQMs can have high ionic conductivity. Herein, such topological quantum cathode materials for fast charging Li‐ion battery are identified by using machine learning combined with first‐principle calculation, where the supervised regression models are trained for diffusion energy barrier prediction. Among 7385 TQMs, 20 materials are found to have a diffusion energy barrier less than 1.0 eV. Especially, LiMnAs exhibits a reversible capacity of 195.9 mAh g −1 , higher than that of commercial cathodes while with comparable diffusion energy barrier. Furthermore, LiMnAs shows high interface stability with selected solid lithium metal oxides electrolytes. This study not only opens a new path to developing novel cathode materials, but also expands the applications of TQMs.",10,0.7541,3,1
https://openalex.org/W2074800235,https://doi.org/10.1117/12.808416,Carrier screening effect in AlGaN quantum-well avalanche photodiode,2009,article,T10099,GaN-based semiconductor devices and materials,"Carrier-screening effect in an AlGaN quantum-well avalanche photodiode was investigated. The avalanche photodiode is a p-i-n diode consisting of three periods of Al<sub>0.1</sub>Ga<sub>0.9</sub>N/Al<sub>0.15</sub>Ga<sub>0.85</sub>N multiple quantum wells (MQWs) as the active region. Avalanche electroluminescence (EL) spectra were measured at different reverse bias voltages. By measuring the quantum Stark induced red-shift of the EL peak at different bias values , it was found that carrier screening decreases the local electric field across the AlGaN quantum wells, resulting in a reduced red shift of the EL peak, while enhancing the EL intensity. The carrier screening was found to be strong at the onset of avalanche breakdown of the diode and become weaker with increasing of the applied electric field. This is explained by considering the strong polarization-induced internal field in the barriers of the quantum wells. The polarization-induced electric field in the barriers has a direction opposite to the applied field thus producing a potential barrier to block the carrier transport. This leads to accumulation of carriers in the quantum wells, thus producing the screening effect. The direction of electric field in the barriers inverts when the applied bias increases to be larger than an inverse threshold. Carriers can then be smoothly transported and carrier screening disappears. Our study shows that carrier-screening effect can play an important role in III-Nitride heterojunction devices due to the existence of strong polarization fields.",0,0.0,6,1
https://openalex.org/W2065146634,https://doi.org/10.1002/pssb.200674621,Non‐equilibrium properties of mesoscopic systems – functional renormalization group approach,2007,article,T10382,Quantum and electron transport phenomena,"Abstract Using the Keldysh technique for non‐equilibrium interacting many‐particle systems, the concept of the functional renormalization is extended to non‐equilibrium situations. The approach is completely general and thus allows calculations for both stationary and time‐dependent situations. As a specific example we present results for the stationary state transport through a quantum dot with finite bias voltage. (© 2007 WILEY‐VCH Verlag GmbH &amp; Co. KGaA, Weinheim)",1,0.0,3,1
https://openalex.org/W2012743143,https://doi.org/10.1109/ivnc.2012.6316985,The effect of the tunable thicknesses of quantum dot emitting layer in quantum-dot light-emitting diode,2012,article,T10321,Quantum Dots Synthesis And Properties,"In this paper, the tunable thicknesses of quantum dot emitting layer were studied and QD-LEDs based on the optimum thickness of quantum dot layer were fabricated. From the experiment results, the maximum PL intensity is achieved at the spin-coating speed of 1000 r.p.m. The QD-LEDs based on the optimum thickness of quantum dot layer exhibit a low turn-on voltage of 3.1V.",0,0.0,4,1
https://openalex.org/W2149750884,https://doi.org/10.1109/jstqe.2008.918246,Quantum Dots-in-a-Well Focal Plane Arrays,2008,article,T10022,Semiconductor Quantum Structures and Devices,"In this paper, the basics and some of the recent developments in quantum dots-in-a-well (DWELL) focal plane arrays (FPAs) are reviewed. Fundamentally, these detectors represent a hybrid between a conventional quantum well infrared photodetector (QWIP) and a quantum dot infrared photodetector (QDIP), in which the active region consists of quantum dots (QDs) embedded in a quantum well (QW). This hybridization grants DWELLs many of the advantages of its components. These advantages include normally incident photon sensitivity without gratings or optocoupers, like QDIPs, and reproducible control over operating wavelength through ldquodial-in recipesrdquo as seen in QWIPs. Recently reported high-temperature operation results for DWELL FPAs now back up the conclusions drawn by the long carrier lifetimes observed in DWELL heterostructures using femtosecond spectroscopy. This paper will conclude with a preview of some upcoming advances in the field of DWELL FPAs.",32,3.0082,9,1
https://openalex.org/W2895333971,https://doi.org/10.1021/acs.accounts.8b00355,Directing Charge Transfer in Quantum Dot Assemblies,2018,article,T10321,Quantum Dots Synthesis And Properties,"The optical and electronic properties of semiconductor quantum dots (QDs) make them attractive candidates for applications in photovoltaics, spintronics, photocatalysis, and optoelectronics. Understanding how to control the flow of charge in QD assemblies is essential for realizing novel applications. This Account explores some unique characteristics of charge transport in QD dyads, triads, and their assemblies. The emerging features of these assemblies that provide new opportunities to manipulate charge flow at the nanoscale are (1) cascading energy landscapes and band offsets to inhibit charge recombination, (2) electrostatic fields that direct charge flow through QD-QD and QD-conjugated polymer junctions, and (3) QD chirality and chiral imprinting that promotes vectorial electron and spin selective transport. Charge flow kinetics is determined by a combination of familiar electron transfer parameters (reaction free energy, reorganization energy, and electronic coupling), donor and acceptor electronic densities of states, and internal electric fields. Electron transfer and electronic structure theory, combined with kinetic modeling, place the measured kinetics of QD electron transfer donor-acceptor assemblies into a unified conceptual context. The experimental transfer rates measured in these systems depend upon structure and the internal electric fields that are present in the assemblies. A negatively charged donor and positively charged acceptor, for example, facilitates (inhibits) electron (hole) transfer, while an electric field of opposite orientation (reversal of charges) inhibits (promotes) electron (hole) transfer. These and other emerging rules that govern charge flow in NP assemblies provide a strategy to design the directionality and yield of interfacial charge transport. Chirality at the nanoscale can induce spin selective charge transport, providing new ways to direct charge (and spin) flow in QD assemblies. Magnetoresistance and magnetic conductive probe atomic force microscopy experiments show spin selective electron transport for chirally imprinted QD assemblies. Photoinduced electron transfer from achiral donor-QDs to chiral acceptor-QDs depends on the electron spin and chiroptical properties of the acceptor-QDs. These assemblies show transport characteristics that correlate with features of the QDs' circular dichroism spectra, presenting intriguing challenges to theory, and indicating that spectroscopic signatures may assist in the design and diagnosis of functional molecular assemblies. Theoretical and experimental studies of charge transport in well-defined QD assemblies are establishing design principles for vectorial charge transport and are also refining questions surrounding the mechanism and control of these processes. These intensified efforts are forging links between fundamental discoveries regarding mechanism and practical applications for these novel assembled nanostructures.",33,1.4849,7,2
https://openalex.org/W4376610627,https://doi.org/10.1021/acsami.3c01012,Tuning the Hydroxyl Density of MXene to Regulate the Electrochemical Performance of Anchored Cobalt Phthalocyanine for CO<sub>2</sub> Reduction,2023,article,T12046,MXene and MAX Phase Materials,"Precise electronic state regulation through coordination environment optimization by metal–support interaction is a promising strategy to facilitate catalysis reaction, while the limited density of functional groups in the bulk substrate restricts the regulation degree. Herein, different sizes of Ti3C2Tx MXene with hydroxyl (−OH) terminal including the MXene layer (ML-OH, 3 μm), the MXene nanosheet (MNS-OH, 600 nm), and the MXene quantum dot (MQD-OH, 8 nm) were prepared to anchor CoPc, and the effect of −OH density on the performance of electrochemical CO2 reduction was systematically investigated. Notably, a linear relationship was established by plotting reactivity vs hydroxyl density. With the highest −OH density, CoPc/MQD-OH exhibits a superior Faradaic efficiency for CO formation (FECO) of ∼100% at −0.9 to −1.0 V vs RHE and a high FECO of >90% over a wide potential window from −0.8 to −1.4 V. The mechanism exploration shows that the axial coordination interaction of the −OH terminal with Co increases the electron density of the Co site, thus promoting the adsorption and activation of CO2. This work provides a new insight into designing of molecular catalysts with high efficiency and tunable structure for other electrochemical conversions.",17,1.5545,6,1
https://openalex.org/W2936890646,https://doi.org/10.1007/s10570-019-02430-z,Molecular orientation distribution of regenerated cellulose fibers investigated with rotor synchronized solid state NMR spectroscopy,2019,article,T10610,Advanced Cellulose Research Studies,"A regenerated cellulose fiber is, in contrast to cotton, a man-made fiber. In the fiber production, the cellulose polymer is subject to various processing steps, affecting the underlying molecular orientation distribution, which is a determining factor for mechanical properties of the fiber. In this work, the molecular orientation distribution was determined in a 13C natural abundance Lyocell regenerated cellulose fiber bundle using rotor synchronized magic angle spinning NMR spectroscopy (ROSMAS) to investigate the chemical shift anisotropy (CSA). The recorded signal intensities were compared with an analytical model of the experiment to find the order parameters reflecting the orientation of the fiber. The CSA tensor was calculated using density functional theory for the crystalline cellulose II structure, commonly found in regenerated cellulose, and is required as an input parameter. The expected order parameter values were only found when approximating the glycosidic bond and its CSA tensor as being parallel to the molecular frame with the order parameter $$P_{2}=0.45 \pm 0.02$$ compared to $$P_{2}=0.46 \pm 0.02$$ obtained with wide angle X-ray scattering on a fiber bundle. To make this method accessible to the community, we distribute the Matlab script for the simulation of spectra obtained by the ROSMAS experiment at github.com/LeoSvenningsson/ROSMAS.",14,0.8005,5,1
https://openalex.org/W2152818047,https://doi.org/10.1039/c4fd00165f,Relaxation dynamics of a quantum emitter resonantly coupled to a coherent state of a localized surface plasmon,2014,article,T10295,Plasmonic and Surface Plasmon Research,"We investigate the relaxation dynamics of a quantum dipole emitter (QDE), e.g., a molecule or quantum dot, located near a metal nanoparticle (MNP) exhibiting a dipolar localized surface plasmon (LSP) resonance at the frequency of the QDE radiative transition. A generic three-level QDE, which is pumped with an external laser pulse and thereby brought into an optically active excited state, is considered to be weakly coupled to the resonant LSP described by a coherent state. It is shown that, under the condition of the QDE-MNP characteristic relaxation time being much shorter than that of the QDE in free space but much longer than the LSP lifetime, the QDE relaxation dynamics can be described analytically and feature, in general, non-exponential decay with complicated transient behaviour. The main physical consequence of this relaxation process is that the emission, being largely determined by the MNP, comes out with a substantial delay. It is also shown that energy dissipation in the QDE-MNP system is relatively weak with the probability of the photon emission being ∼0.75, a number which, rather surprisingly, does not explicitly depend on the metal absorption characteristics. A large number of QDE-MNP system parameters in our analytical description open new possibilities for controlling quantum emitter dynamics.",8,0.7694,2,2
https://openalex.org/W2234572377,https://doi.org/10.1021/acs.chemmater.5b03727,Superconductivity in Tl<sub>0.6</sub>Bi<sub>2</sub>Te<sub>3</sub> Derived from a Topological Insulator,2016,article,T10657,Topological Materials and Phenomena,"Bulk superconductivity has been discovered in Tl_{0.6}Bi_{2}Te_{3}, which is derived from the topological insulator Bi2Te3. The superconducting volume fraction of up to 95% (determined from specific heat) with Tc of 2.28 K was observed. The carriers are p-type with the density of ~1.8 x 10^{20} cm^{-3}. Resistive transitions under magnetic fields point to an unconventional temperature dependence of the upper critical field B_{c2}. The crystal structure appears to be unchanged from Bi2Te3 with a shorter c-lattice parameter, which, together with the Rietveld analysis, suggests that Tl ions are incorporated but not intercalated. This material is an interesting candidate of a topological superconductor which may be realized by the strong spin-orbit coupling inherent to topological insulators.",80,9.1105,5,2
https://openalex.org/W1874818405,https://doi.org/10.1109/iwjt.2004.1306800,A new S-shaped switch based on an InGaP/GaAs/InGaAs step-compositional-emitter heterojunction bipolar transistor,2004,article,T10558,Advancements in Semiconductor Devices and Circuit Design,"A functional InGaP/GaAs/InGaAs step-compositional-emitter heterojunction bipolar transistor (HBT) is fabricated and demonstrated. Due to the avalanche multiplication and discontinuous confinement effects for electrons at InGaP/GaAs heterojunction and InGaAs quantum well, an interesting triple-route S-shaped negative-differential-resistance switch is observed under inverted operation mode at room temperature. In addition, the excellent transistor performances including a high current gain of 220 and a low offset voltage of 60 mV are achieved under normal operation mode. Consequently, the excellent switching characteristic and transistor action of the studied HBT provides a promise for amplifier and multiple-valued logic circuit applications.",0,0.0,4,1
https://openalex.org/W2598222242,,Growth of InAs/GaAs quantum dots using a growth suppression phenomenon and their optical properties,2014,article,T10022,Semiconductor Quantum Structures and Devices,,0,0.0,1,0
https://openalex.org/W2077731119,https://doi.org/10.3938/jkps.60.108,Poly-silicon quantum-dot single-electron transistors,2012,article,T10382,Quantum and electron transport phenomena,"For operation of a single-electron transistors (SETs) at room temperature, we proposed a fabrication method for a SET with a self-aligned quantum dot by using polycrystalline silicon (poly-Si). The self-aligned quantum dot is formed by the selective etching of a silicon nanowire on a planarized surface and the subsequent deposition and etch-back of poly-silicon or chemical mechanical polishing (CMP). The two tunneling barriers of the SET are fabricated by thermal oxidation. Also, to decrease the leakage current and control the gate capacitance, we deposit a hard oxide mask layer. The control gate is formed by using an electron beam and photolithography on chemical vapor deposition (CVD). Owing to the small capacitance of the narrow control gate due to the tetraethyl orthosilicate (TEOS) hard mask, we observe clear Coulomb oscillation peaks and differential trans-conductance curves at room temperature. The clear oscillation period of the fabricated SET is 2.0 V.",2,0.0,6,1
https://openalex.org/W2592997604,https://doi.org/10.7150/ntno.18989,Engineering Quantum Dots with Different Emission Wavelengths and Specific Fluorescence Lifetimes for Spectrally and Temporally Multiplexed Imaging of Cells,2017,article,T10321,Quantum Dots Synthesis And Properties,"In this work, a proof-of-concept study was performed to examine the potential of spectrally and temporally multiplexed imaging of cells by using quantum dots (QDs). The CdSe and ZAIS QDs with different emission wavelengths and well-separated fluorescence lifetimes were prepared to provide 2-dimensional information. After incubation with cells, the same type of QDs with different emission wavelengths were distinguishable in spectral imaging while different types of QDs with similar emission wavelengths but well-separated fluorescence lifetimes were resolvable in fluorescence lifetime imaging. For cells co-stained with dye and different types of QDs, the fluorescence lifetime imaging microscopy (FLIM) images showed spatially separated patterns that can be split into channel images by using the software-based time gates. Overall, the results demonstrate the feasibility of combining the 2-dimensional encoded QDs for spectrally and temporally multiplexed imaging. This method can be extended to other QDs and organic dyes to maximize the number of measurable species in multiplexed imaging and sensing applications.",22,1.502,10,2
https://openalex.org/W272621785,,Excitons in Electrostatic Lattices,2013,article,T10022,Semiconductor Quantum Structures and Devices,"An indirect exciton is a bound state of an electron and a hole, with electrons and holes confined to separate quantum wells. Indirect excitons have a number of distinctive properties that make them an excellent basis for novel optoelectronic devices and a model system for studies of condensed matter phenomena. These properties include in-situ tunable energy, in-situ density control, long recombination times, fast thermalization, and wide range of tunable parameters such as effective mass, lifetime etc. This dissertation presents a study of excitons in a periodic potential created by patterned electrodes - an electrostatic lattice. The study of excitons in electrostatic lattices has a twofold aim - to develop tools to emulate behavior of quantum particles in a periodic potential and to use the periodic potential to accurately characterize properties of exciton gases. Large number of tunable parameters of excitons combined with adjustable parameters of electrostatic lattices make then an excellent system for creating potential landscapes that emulate crystal potentials seen by electrons in an atomic lattice and can help to answer questions about origins of material properties. Periodically repeating nature of an electrostatic lattice makes it an excellent system for precision measurements, making it possible to average a measurement over a large number of lattice sites. Modeling of exciton behavior in a periodic potential is more accessible from a theoretical standpoint, making it possible to compare accurate models to high-precision measurements, leading to more quantitative understanding of exciton properties. We present electrode designs that make it possibles to create tunable lattices for indirect excitons. Linear electrostatic lattices for indirect excitons are implemented by interdigitated electrodes. 2- dimensional electrostatic lattices, including square, triangular, and honeycomb geometries, are realized by a special design of patterned interdigitated electrodes. We present transport measurements of excitons in linear and square electrostatic lattices. Exciton localization- delocalization transitions is observed in a linear lattice and interpreted in terms of interaction-induced percolation of exciton gas through the external potential. We also present a method to characterize the degree of correlation in an excitons gas by measuring exciton energy shift and emission modulation in an electrostatic lattice",0,0.0,1,0
https://openalex.org/W2032964479,https://doi.org/10.1117/12.608368,Analysis of the room temperature performance of 1.3-1.52 μm GaInNAs/GaAs LDs grown by MBE,2005,article,T10022,Semiconductor Quantum Structures and Devices,"Lasing emission is demonstrated at room temperature in the entire spectral region from 1.29 to 1.52 microns using GaInNAs/GaAs quantum well (QW) laser diodes (LD) grown by molecular beam epitaxy on GaAs substrates. The separate confinement heterostructures (SCH) is made up by AlGaAs cladding layers, a GaInNAs-based QW and GaAs barriers. To achieve lasing emission from 1.29 to 1.52 microns the In in the QW content is maintained at 40%, while the N content is varied from 1.3 to 3.3%. With this structure, the threshold current density (Jth) and external differential quantum efficiency (hd) at 1.29 microns are 685 A/cm<sup>2</sup> and 45 %, respectively. Increasing the wavelength to reach 1.5 micron emission degrades these figures to Jth=2890 A/cm<sup>2</sup> and hd=23% at 1.49 microns, and to Jth=4060 A/cm<sup>2</sup> and hd=16% at 1.52 microns, which still represent a very large improvement with respect to previous reports of LDs based on the quaternary. Even though adding N to the structure decreases the internal quantum efficiency (hi), from 75% to 50%, this figure does not change with increasing wavelengths up to 1.44 microns. The differential modal gain also degrades as a result of adding N to the QW, but like the case of hi, does not change significantly with increasing wavelength. Thus, achieving long wavelength emission up to 1.55 micron emission starts to become viable, even with simple LD structures.",0,0.0,8,1
https://openalex.org/W1984604839,https://doi.org/10.1117/12.2052360,All-optical switching with a dual state quantum dot laser,2014,article,T10022,Semiconductor Quantum Structures and Devices,"The behaviour of a dual state quantum dot laser undergoing optical injection is analysed. Depending on the injection current the free-running operation of the slave can be ground state only emission, both ground state and excited state emission or excited state emission only. Complete suppression of the excited state in the dual state lasing regime via sufficiently strong optical injection of the ground state is presented. Injection induced switching between two longitudinal modes of the ground state is also presented in the ground state only regime.",0,0.0,5,1
https://openalex.org/W2001863208,https://doi.org/10.1016/j.jcrysgro.2008.07.011,Influence of capping layer on the properties of MOVPE-grown InAs/GaAs quantum dots,2008,article,T10022,Semiconductor Quantum Structures and Devices,,9,0.9382,8,1
https://openalex.org/W4388828483,https://doi.org/10.1039/d3tc03667g,Photoinduced energy and electron transfer at graphene quantum dot/azobenzene interfaces,2023,article,T10321,Quantum Dots Synthesis And Properties,"The photophysical properties of azobenzene–graphene quantum dot interfaces show enhanced photoinduced hole and energy transfer rates for the trans isomer, making it the acvite specie compared to the cis isomer.",13,1.2137,3,2
https://openalex.org/W1998281868,https://doi.org/10.1143/jjap.47.6757,III–Nitride-Based Microarray Light-Emitting Diodes with Enhanced Light Extraction Efficiency,2008,article,T10099,GaN-based semiconductor devices and materials,"In this paper, the enhancement of light extraction efficiency in III–nitride-based light-emitting diodes (LEDs) with an array of microstructures is demonstrated numerically and experimentally at the near-ultraviolet (n-UV) spectral region. Two different microstructures are adopted to study the mechanism, including the shallow etching of microstructures on the indium–tin-oxide (ITO) p-contact and the deep etching of microholes through the InGaN/GaN multiple-quantum-well (MQW) active structure and down to the n-type GaN layer. Multiple point sources with TE and TM polarizations in the MQW region are utilized in the finite-difference time domain (FDTD) analysis to model the behaviour of LED. The simulated beam patterns of both LEDs reveal that the microstructures act as diffraction gratings to extract guided light in the n-type GaN layer. The measured results of beam patterns also verify the prediction in the numerical analysis.",6,1.2266,5,1
https://openalex.org/W2105894980,https://doi.org/10.1109/cleo.2008.4551795,Towards single time-bin entangled photons using quantum dots,2008,article,T10022,Semiconductor Quantum Structures and Devices,We present our results on fluorescence and photon statistics of quantum dots. We show evidence for photon antibunching and cross-correlation measurements within the biexciton-exciton cascade using a new set-up. We also discuss directions towards a demonstration of time-bin entangled photons from a single dot.,0,0.0,2,1
https://openalex.org/W7145485322,,Single-electron transistor operation of a physically defined silicon quantum dot device fabricated by electron beam lithography employing a nagative-tone resist,2023,article,T10382,Quantum and electron transport phenomena,,0,0.0,12,0
https://openalex.org/W2738503431,https://doi.org/10.1103/physrevb.96.155426,Odd-frequency superconducting pairing and subgap density of states at the edge of a two-dimensional topological insulator without magnetism,2017,article,T10657,Topological Materials and Phenomena,"We investigate the emergence and consequences of odd-frequency spin-triplet $s$-wave pairing in superconducting hybrid junctions at the edge of a two-dimensional topological insulator without any magnetism. More specifically, we consider several different normal-superconductor hybrid systems at the topological insulator edge, where spin-singlet $s$-wave superconducting pairing is proximity induced from an external conventional superconductor. We perform fully analytical calculations and show that odd-frequency mixed spin-triplet $s$-wave pairing arises due to the unique spin-momentum locking in the topological insulator edge state and the naturally nonconstant pairing potential profile in hybrid systems. Importantly, we establish a one-to-one correspondence between the local density of states (LDOS) at low energies and the odd-frequency spin-triplet pairing in NS, NSN, and SNS junctions along the topological insulator edge; at interfaces the enhancement in the LDOS can directly be attributed to the contribution of odd-frequency pairing. Furthermore, in SNS junctions we show that the emergence of the zero-energy LDOS peak at the superconducting phase $\ensuremath{\phi}=\ensuremath{\pi}$ is associated purely with odd-frequency pairing in the middle of the junction.",81,6.771,2,1
https://openalex.org/W4388347038,https://doi.org/10.1016/j.jallcom.2023.172759,"Quantum magnetotransports derived from the topological Dirac fermions in single-crystalline Pt3Te4 semimetal: Observations of chiral anomaly, quantum interference, and surface helical spin textures",2023,article,T10657,Topological Materials and Phenomena,,2,0.403,6,1
https://openalex.org/W4402334051,https://doi.org/10.1016/j.sintl.2024.100301,Blue luminescent carbon quantum dots derived from diverse banana peels for selective sensing of Fe(III) ions,2024,article,T11342,Carbon and Quantum Dots Applications,"The eco-friendly production of carbon quantum dots (CQDs) from natural resources remains appealing owing to their superior optical properties. This work presents the synthesis of highly fluorescent CQDs from peels of different varieties of Musa (yellow, green, and red) through a straightforward one-step hydrothermal process, without needing a bit of metal salt or oxidizing agent. The proposed method resulted in quantum yields (QY) of 18.06 %, and 13.06 %, for CQDs from normal yellow banana and green banana, respectively compared to other CQDs derived from natural sources. The QY for the CQDs extracted from the small yellow banana was 7.72 %, while the red banana had a much lower value of 2.6 %. The optical properties of CQDs of different banana peels are also compared. All the CQDs produced a blue color upon exposure to 360 nm UV radiation, and the fluorescence was excitation-dependent. Moreover, each of the four types of CQDs is proven to be an efficient fluorescent probe capable of selectively detecting Fe 3+ ions. The linear variation of fluorescence with the analyte amount allowed quantification of ions, with a limit of the detection value of 6 μM, across a concentration range of 37–277 μM. Above all, the real-world applications aimed at sensing Fe 3+ ions in tap water achieved excellent recoveries ranging from 96 to 100 %. Therefore, these tuneable CQDs with good optical properties present an auspicious avenue for developing nano-sensors in real-time applications. • Fluorescent CQDs are synthesized by hydrothermal using discarded biomass obtained from four distinct banana peel sources. • As-prepared CQDs exhibit pronounced fluorescence within the 300–500 nm. • Concerning the various banana peels, their respective QY are 18.06, 7.72, 13.06, and 2.6 %. • Utilizing all CQDs as a selective fluorescence sensor to detect Fe 3+ ions.",16,1.8025,5,2
https://openalex.org/W4400102911,,NEXUS Qubit Analysis: Jump Rates and Efciencies,2024,article,T10622,Quantum Mechanics and Applications,"Correlated qubit errors are a hinderance to quantum computing, but when using quantum chips as a particle detector, they can be a sign of energy deposits. Using a four transmon qubit chip in the NEXUS fridge at Fermilab, we have taken data to better understand the impact ionizing radiation has on the correlated errors. To analyze this data, we need a jump detection code that is robustly tested with understood efficiencies. In this work, we describe the process of getting these efficiencies using a rolling $\chi^2$ jump detection code.",0,,1,1
https://openalex.org/W3147546964,,490-fs Pulse generation from a passively mode-locked laser with an integrated passive waveguide using quantum well intermixing,2012,article,T10988,Advanced Fiber Laser Technologies,,0,0.0,3,0
https://openalex.org/W1800217719,https://doi.org/10.1103/physrevlett.115.187001,Topological Superconductivity in Dirac Semimetals,2015,article,T10657,Topological Materials and Phenomena,"Dirac semimetals host bulk band-touching Dirac points and a surface Fermi loop. We develop a theory of superconducting Dirac semimetals. Establishing a relation between the Dirac points and the surface Fermi loop, we clarify how the nontrivial topology of Dirac semimetals affects their superconducting state. We note that the unique orbital texture of Dirac points and a structural phase transition of the crystal favor symmetry-protected topological superconductivity with a quartet of surface Majorana fermions. We suggest the possible application of our theory to recently discovered superconducting states in Cd_{3}As_{2}.",179,10.4533,2,1
https://openalex.org/W2240248215,,"Tunable Intrinsic Spin Hall Conductivities in Bi$_2$(Se,Te)$_3$ Topological Insulators",2015,article,T10657,Topological Materials and Phenomena,,0,0.0,2,0
https://openalex.org/W2056831678,https://doi.org/10.1038/srep01578,Optically programmable excitonic traps,2013,article,T10425,Cold Atom Physics and Bose-Einstein Condensates,"With atomic systems, optically programmed trapping potentials have led to remarkable progress in quantum optics and quantum information science. Programmable trapping potentials could have a similar impact on studies of semiconductor quasi-particles, particularly excitons. However, engineering such potentials inside a semiconductor heterostructure remains an outstanding challenge and optical techniques have not yet achieved a high degree of control. Here, we synthesize optically programmable trapping potentials for indirect excitons of bilayer heterostructures. Our approach relies on the injection and spatial patterning of charges trapped in a field-effect device. We thereby imprint in-situ and on-demand electrostatic traps into which we optically inject cold and dense ensembles of excitons. This technique creates new opportunities to improve state-of-the-art technologies for the study of collective quantum behavior of excitons and also for the functionalisation of emerging exciton-based opto-electronic circuits.",25,2.431,4,2
https://openalex.org/W4386035024,https://doi.org/10.1016/j.ssc.2023.115314,MX6C2H monolayers: The novel two-dimensional tunable Dirac cone materials family and quantum spin Hall insulators,2023,article,T10083,Graphene research and applications,,0,0.0,2,1
https://openalex.org/W2907658365,https://doi.org/10.1088/1361-6463/aaf5c0,Surface current confinement in circular ring optical antennas and its enhancement effect to the photoresponse of longwave infrared photodetectors,2018,article,T10295,Plasmonic and Surface Plasmon Research,"Abstract In this paper, we report the analysis of surface current confinement in circular ring optical antennas and its enhancement effect to the photoresponse of quantum dot (QD) longwave infrared (LWIR) photodetectors. Circular ring optical antennas with various inner and outer diameters were simulated to determine the electric near-field ( E -field) and surface current distribution. Over 80 times E -field enhancement was obtained when the width of the ring is as narrow as 2 nanometers (nm) where the surface current is strongly confined. In addition, the E -field (| E |) shows a direct linear relationship with the surface current density. The linear relationship is analyzed using an RLC circuit model. The E -field enhancement of the circular ring optical antenna is compared with that of the two-dimensional metallic subwavelength hole arrays structure (2DSHA) and is found to have higher enhancement with a broader spectral band coverage. The circular ring optical antenna enhanced LWIR QD infrared photodetectors were fabricated and measured. The ring optical antenna with stronger surface current confinement shows a higher photocurrent enhancement. The experimental results agree well with the simulation. Broader band photocurrent enhancement than the 2DSHA structure was also verified.",1,0.0,7,1
https://openalex.org/W2049794441,https://doi.org/10.1016/j.jcrysgro.2006.11.111,In situ spectroscopic ellipsometry and RHEED monitored growth of InN nanocolumns by molecular beam epitaxy,2007,article,T10099,GaN-based semiconductor devices and materials,,10,1.2318,4,1
https://openalex.org/W2080785156,https://doi.org/10.1021/la203273p,QD-Antibody Conjugates via Carbodiimide-Mediated Coupling: A Detailed Study of the Variables Involved and a Possible New Mechanism for the Coupling Reaction under Basic Aqueous Conditions,2011,article,T10321,Quantum Dots Synthesis And Properties,"A detailed study into the optimization of carbodiimide-mediated coupling of antibodies (Ab) and quantum dots (QD) for use in cellular imaging has been undertaken. This involved the grafting of commercially available carboxyl-modified QDs (Evident Technologies ""Lake Placid Blue"" Evitag and eBioscience's eflour nanocrystals) with anti-Cdc8 Abs to produce conjugates with specific affinity for fission yeast tropomyosin Cdc8 protein. The water-soluble carbodiimide 1-ethyl-3-(3-dimethylaminopropyl)carbodiimide (EDC) was used to activate the QDs prior to their incubation with antibody, and a range of QD-carboxyl/EDC/Ab mole ratios were used in the experiments in attempts to optimize fluorescence and bioaffinity of the conjugate products (EDC to QD-carboxyl-600 nmol/15 pmol to 0.12 nmol/15 pmol and QD to Ab 120 pmol/24 pmol to 120 pmol/1.2 pmol). It was observed that a specific ""optimum"" ratio of the three reactants was required to produce the most fluorescent and biologically active product and that it was generated at alkaline pH 10.8. Increasing the ratio of Ab to QD produced conjugate which was less fluorescent while reducing the ratio of EDC to QD in the activation step led to increased fluorescence of product. Conjugates were tested for their possession of antibody by measurement of their absorption at OD(280 nm) and for their fluorescence by assay λ(max(em)) at 495 nm. A quantitative assay of the bioactivity of the conjugates was developed whereby a standardized amount of Cdc8 antigen was spotted onto nylon membranes and reacted with products from conjugation reactions in a sandwich-type colormetric assay The ""best"" conjugate was used in intracellular imaging of yeast Cdc8 protein and produced brighter, higher definition images of fixed yeast cell actin structure than a fluorescein-Ab conjugate routinely produced in our laboratory. The QD-Ab conjugate was also significantly more resistant to photobleaching than the fluorescein-Ab conjugate. Results from other experiments involving EDC, the water-soluble carbodiimide 1-cyclohexyl-3-(2-morpholinoethyl)carbodiimide metho-p-toluenesulphonate (CMC), and EDC.HCl have suggested a new reaction mechanism for EDC coupling under basic aqueous conditions. In summary, a robust understanding of commercial QD-COOH surface chemistry and the variables involved in the materials' efficient conjugation with a bioligand using carbidiimide has been obtained along with an optimized approach for Ab-QD conjugate production. A novel assay has been developed for bioassay of QD-Ab conjugates and a new mechanism for EDC coupling under basic aqueous conditions is proposed.",47,2.5585,4,1
https://openalex.org/W2924868469,https://doi.org/10.1088/1742-6596/1163/1/012075,Quasi-energies of coupled qubits: Magnus-Floquet states and their probing by weak signal,2019,article,T11414,Quantum optics and atomic interactions,The behaviour of two coupled qubits in a periodic electromagnetic field of arbitrary amplitude was investigated. Quasienergy levels of the system as a function of the driving field parameters and the qubit coupling energy were found on the basis of the Floquet theory and the Magnus approximation. It is shown that the quasienergy levels may intersect depending on the control parameters. This fact can manifest itself as appearance of the novel resonances and interesting nonlinear phenomena.,0,0.0,3,1
https://openalex.org/W4393385603,https://doi.org/10.1016/j.orgel.2024.107042,Improved performance in quantum-dot light-emitting diodes through current annealing,2024,article,T10321,Quantum Dots Synthesis And Properties,,0,0.0,5,1
https://openalex.org/W2963802155,https://doi.org/10.1016/j.physe.2019.113647,Intersubband optical properties of a laser-dressed asymmetric triple quantum well nanostructure,2019,article,T10022,Semiconductor Quantum Structures and Devices,,13,1.2019,5,4
https://openalex.org/W2059837892,https://doi.org/10.1088/0953-8984/22/50/505303,Interplay between quantum interference and electron interactions in a Rashba system,2010,article,T10382,Quantum and electron transport phenomena,"We investigate theoretically a nanoscopic device in which quantum interference of electron waves takes place in the presence of their mutual Coulomb interaction. The device consists of interacting quantum dots coupled to spin-polarized leads via quantum point contacts with Rashba interaction. The Rashba spin-flip-assisted inter-subband mixing in quantum point contacts induces quantum interference between the tunneling waves, which interact by Coulomb repulsion inside the dot. The spin-dependent Fano resonances, which appear in the conductance through the device, are significantly modified by Coulomb interactions. Their width and shape depend on the quantum dot spin-up and spin-down occupancies, controlled by electron interactions. On the other hand, correlators calculated for the quantum dot spin sub-levels are not influenced by quantum interference between them and depend rather on the degree of localization of these levels.",7,0.6477,1,1
https://openalex.org/W2922256815,https://doi.org/10.1002/adma.201900264,Oriented 3D Magnetic Biskyrmions in MnNiGa Bulk Crystals,2019,article,T10049,Magnetic properties of thin films,"A biskyrmion consists of two bound, topologically stable, skyrmion spin textures. These coffee-bean-shaped objects are observed in real space in thin plates using Lorentz transmission electron microscopy (LTEM). From LTEM imaging alone, it is not clear whether biskyrmions are surface-confined objects, or, analogous to skyrmions in noncentrosymmetric helimagnets, 3D tube-like structures in a bulk sample. Here, the biskyrmion form factor is investigated in single- and polycrystalline-MnNiGa samples using small-angle neutron scattering. It is found that biskyrmions are not long-range ordered, not even in single crystals. Surprisingly all of the disordered biskyrmions have their in-plane symmetry axis aligned along certain directions, governed by the magnetocrystalline anisotropy. This anisotropic nature of biskyrmions may be further exploited to encode information.",30,2.7042,13,5
https://openalex.org/W4244581368,https://doi.org/10.1109/group4.2019.8925748,InAs QDs Monolithically Grown on COMS Compatible Si (001) and SOI Platform with Strong Emission at 1300 nm and 1550 nm,2019,article,T10022,Semiconductor Quantum Structures and Devices,"Highly uniform (111)-faceted Si sawtooth with underlying hollow structures is formed by homo-epitaxy on U-shape patterned Si (001) and SOI substrates. With in-situ III-V growth on such substrates by the III-V/IV dual chamber molecular beam epitaxy, high-quality GaAs layers are obtained with threading dislocation density approximately ∼ 106 cm−2 via electron channeling contrast image (ECCI) method. Then strong room-temperature emission of InAs/GaAs and InAs/InGaAs quantum dots (QDs) at O-band (1300 nm) and C/L-band (1550 nm) telecommunication wavelengths are both achieved on Si (001) and SOI substrates, respectively.",0,0.0,3,1
https://openalex.org/W2022680043,https://doi.org/10.1142/s0217984913501200,GROUND STATE ENERGY LEVELS OF INDIUM ARSENIDE QUANTUM DOTS CALCULATED BY A SINGLE BAND EFFECTIVE MASS MODEL USING REPRESENTATIVE STRAINED INPUT PROPERTIES,2013,article,T10022,Semiconductor Quantum Structures and Devices,"Representative strained values of effective mass and potential of charge carriers in indium arsenide ( InAs ) quantum dots have been used as input to the complete orthonormal set approach of an effective-mass, single-band, and constant-potential model for the calculation of the ground state energy levels. Even with the avoidance of the diagonalization of the strain Hamiltonian matrix, the single-band-model-calculated ground state energy levels are reasonably refined by the use of representative strained values of potential and effective mass.",2,0.0,2,1
https://openalex.org/W2257768842,,Electron Transport Through a Quantum Wire with a Side-Coupled Quantum Dot： Fano Resonance,2004,article,T10382,Quantum and electron transport phenomena,"The Fano resonance of a quantum wire (QW) with a side-coupled quantum dot (QD) is investigated. The QD has multilevel and is in the Coulomb blockade regime. We show that there are two aspects in contribution to asymmetric Fano dip line shape of conductance: (1) the quantum interference between the resonant level and non-resonant levels, (2) the asymmetric electron occupation of levels in the two sides of a resonant level in the QD. The smearing of the asymmetry of the dip structure with the increasing temperature is partially attributed to fluctuation of electron state in the QD.",0,0.0,2,0
https://openalex.org/W2032392361,https://doi.org/10.1103/physrevlett.100.251602,Wrapped Branes as Qubits,2008,article,T10025,Black Holes and Theoretical Physics,"Recent work has established a correspondence between the tripartite entanglement measure of three qubits and the macroscopic entropy of the four-dimensional 8-charge STU black hole of supergravity. Here we consider the configurations of intersecting D3-branes, whose wrapping around the six compact dimensions T6 provides the microscopic string-theoretic interpretation of the charges, and associate the three-qubit basis vectors |ABC>, (A, B, C=0 or 1) with the corresponding 8 wrapping cycles. In particular, we relate a well-known fact of quantum information theory, that the most general real three-qubit state can be parameterized by four real numbers and an angle, to a well-known fact of string theory, that the most general STU black hole can be described by four D3-branes intersecting at an angle.",48,12.3894,5,2
https://openalex.org/W2035447970,https://doi.org/10.1103/physreva.71.022301,Quantum-state transmission via a spin ladder as a robust data bus,2005,article,T10382,Quantum and electron transport phenomena,"We explore the physical mechanism to coherently transfer the quantum information of spin by connecting two spins to an isotropic antiferromagnetic spin ladder system as data bus. Due to a large spin gap existing in such a perfect medium, the effective Hamiltonian of the two connected spins can be archived as that of Heisenberg type, which possesses a ground state with maximal entanglement. We show that the effective coupling strength is inversely proportional to the distance of the two spins and thus the quantum information can be transferred between the two spins separated by a longer distance, i.e., the characteristic time of quantum-state transferring linearly depends on the distance.",138,11.5973,5,1
https://openalex.org/W4396863573,https://doi.org/10.1039/d4cc01564a,Guest-responsive coherence time of radical qubits in a metal–organic framework,2024,article,T10612,Magnetism in coordination complexes,"Radicals generated in a 5,12-diazatetracene (DAT)-based metal–organic framework exhibit a long coherence time ( T 2 ), and this T 2 shows a response to the introduction of several guest molecules.",6,0.6564,8,1
https://openalex.org/W1999601156,https://doi.org/10.1016/j.jcrysgro.2004.12.107,Near-infrared gain in GaSb quantum dots in Si grown by MBE,2005,article,T10022,Semiconductor Quantum Structures and Devices,,5,0.4958,5,1
https://openalex.org/W4220908031,https://doi.org/10.1088/1361-6463/ac5da7,Effect of residual strain on magnetic properties and Hall effect in chiral antiferromagnet Mn<sub>3</sub>Sn,2022,article,T10049,Magnetic properties of thin films,"Abstract Here, the effect of residual strain (RS) generated by uniaxial stress on the magnetic properties and Hall effect of polycrystalline Mn 3 Sn is investigated. Contrary to the role of pressure in Mn 3 Sn, both Hall measurements and our theoretically calculated kagome lattice distortions suggest that RS is beneficial for suppressing the magnetic transition from an inverse triangular antiferromagnetic (AFM) state to a helical AFM state. Furthermore, the topological Hall effect (THE) is observed in Mn 3 Sn over the entire temperature range from 5 K to 400 K due to RS. Combined with the magnetic measurements, we speculate that the THE originates from a RS-induced non-coplanar AFM structure. Our findings point out a method to realize a chiral non-coplanar AFM structure through strain engineering, thereby providing a path for the construction of topological antiferromagnets.",10,1.5291,9,1
https://openalex.org/W4386078216,https://doi.org/10.1109/lssc.2023.3307456,A Cryo-CMOS Homodyne-Demodulation Qubit Readout IC With Continuous-Time Analog Integration for SNR Improvement,2023,article,T10382,Quantum and electron transport phenomena,"This paper presents a homodyne-demodulation readout IC with continuous-time direct analog integration for superconducting qubits. By integration at the analog frontend, the effective signal-to-noise ratio is efficiently increased, eliminating the need for a high-performance analog-to-digital converter and costly baseband processing for data recovery. The proposed IC, fabricated in 40 nm CMOS, is verified at 4 K in a dilution refrigerator. The readout fidelity, estimated under real-world conditions, is reported to be 99% within 300 ns.",5,0.9945,4,1
https://openalex.org/W2087750331,https://doi.org/10.1364/oe.19.014370,The single quantum dot-laser: lasing and strong coupling in the high-excitation regime,2011,article,T10022,Semiconductor Quantum Structures and Devices,"The emission properties of a single quantum dot in a microcavity are studied on the basis of a semiconductor model. As a function of the pump rate of the system we investigate the onset of stimulated emission, the possibility to realize stimulated emission in the strong-coupling regime, as well as the excitation-dependent changes of the photon statistics and the emission spectrum. The role of possible excited charged and multi-exciton states, the different sources of dephasing for various quantum-dot transitions, and the influence of background emission into the cavity mode are analyzed in detail. In the strong coupling regime, the emission spectrum can contain a line at the cavity resonance in addition to the vacuum doublet caused by off-resonant transitions of the same quantum dot. If strong coupling persists in the regime of stimulated emission, the emission spectrum near the cavity resonance additionally grows due to broadened contributions from higher rungs of the Jaynes-Cummings ladder.",34,2.6181,4,1
https://openalex.org/W4397002300,https://doi.org/10.1364/ome.525214,Topological disclination mode in photonic Chern insulators,2024,article,T10657,Topological Materials and Phenomena,"Topological defects in topological materials offer novel routes for creating topological modes and probing bulk topology. Disclination, a class of topological defects, has been recently shown to host fractional charges in topological crystalline insulators with well-defined Wannier centers. Here, we study the effects of disclinations in gyromagnetic photonic crystals with non-zero Chern numbers that prohibit the Wannier center picture. We find the emergence of topological disclination modes carrying orbital angular momentum from the interplay between the Chern-type topology and the effective flux induced by the disclination. When the Chern number changes its sign, the chirality of the disclination mode also flips, revealing the bulk-disclination correspondence. Furthermore, we perform numerical experiments to probe the disclination mode. Our results expand the study of disclination physics in photonic crystals to time-reversal-broken systems.",1,0.324,3,2
https://openalex.org/W3037949224,https://doi.org/10.48550/arxiv.1508.05187,Chiral magnetic effect in the absence of Weyl node,2015,article,T10657,Topological Materials and Phenomena,"The nodal points in a Weyl semimetal are generally considered as the causes of the chiral anomaly and the chiral magnetic effect (CME). Employing a linear-response analysis of a two-band lattice model, we show that the Weyl nodes and thus the chirality are not required for the CME, while they remain crucial for the chiral anomaly. Similar to the anomalous Hall effect, the CME results directly from the Berry curvature of energy bands, even when there is no monopole source from the Weyl nodes. Therefore, the phenomenon of the CME could be observed in a wider class of materials. Motivated by this result, we suggest that the nodeless CME may appear in three-dimensional quantum anomalous Hall insulators, but after they become metallic due to the band deformation caused by inversion symmetry breaking.",0,,2,0
https://openalex.org/W2105460313,https://doi.org/10.1109/lpt.2010.2103935,Non-Absorbing Mirrors for Quantum Well Colliding Pulse Mode-Locked Lasers,2011,article,T10988,Advanced Fiber Laser Technologies,"We present results from GaAs/AlGaAs quantum-well colliding-pulse mode-locked lasers emitting pulses at 830 nm with a repetition rate of 20 GHz. In particular we investigate the effects of nonabsorbing mirrors on the output power characteristics of these devices in mode-locking operation. Under best mode-locking conditions, the lasers with nonabsorbing mirrors show ~10% shorter pulses (1.84 ps) and narrower radio-frequency peaks but operate with less average power.",3,0.4429,3,1
https://openalex.org/W2558619022,https://doi.org/10.1088/1674-1056/25/12/128502,Bright hybrid white light-emitting quantum dot device with direct charge injection into quantum dot,2016,article,T10321,Quantum Dots Synthesis And Properties,Bright hybrid white light-emitting quantum dot device with direct charge injection into quantum dot,8,0.6363,7,2
https://openalex.org/W2057134757,https://doi.org/10.1063/1.3679378,Type-II InP-based lasers emitting at 2.55 <i>μ</i>m,2012,article,T10022,Semiconductor Quantum Structures and Devices,Room-temperature lasing at 2.55 μm is reported for InP-based GaInAs/GaAsSb type-II quantum well lasers in pulsed mode up to 42 °C. This record long-wavelength lasing has become feasible by implementing compressive strain in both materials and a carrier confinement design using an AlAsSb/AlGaInAs electron/hole blocking layer. The device concept appears promising for extending the wavelength range further towards 3 μm.,45,5.0906,8,1
https://openalex.org/W2025933460,https://doi.org/10.1063/1.4860060,Topological Hall conductivity of vortex and skyrmion spin textures,2014,article,T10049,Magnetic properties of thin films,"We analyze the topological Hall conductivity experienced by conduction electrons whose spins are strongly coupled to axially symmetric spin textures, such as magnetic vortex and skyrmion of types I and II, theoretically by gauge theory, and numerically via micromagnetic simulations. The numerical results are in agreement with the theoretical predictions. Divergence between the two is seen when the vortex/skyrmion core radius is comparable or larger than the element size, and when the skyrmion configuration breaks down at high Dzyaloshinskii-Moriya interaction strength.",10,0.8694,4,1
https://openalex.org/W4404011026,https://doi.org/10.1038/s43246-024-00681-3,Diverse electronic landscape of the kagome metal YbTi3Bi4,2024,article,T10657,Topological Materials and Phenomena,"Kagome lattices have emerged as an ideal platform for exploring exotic quantum phenomena in materials. Here, we report the discovery of Ti-based kagome metal YbTi3Bi4 which we characterize using angle-resolved photoemission spectroscopy (ARPES) and magneto-transport, in combination with density functional theory calculations. Our ARPES results reveal the complex fermiology of YbTi3Bi4 and provide spectroscopic evidence of four flat bands. Our measurements also show the presence of multiple van Hove singularities originating from Ti 3d orbitals and a linearly-dispersing gapped Dirac-like bulk state at the $$\overline{\,{\mbox{K}}\,}$$ point in accord with our theoretical calculations. Our study establishes YbTi3Bi4 as a platform for exploring exotic phases in the wider LnTi3Bi4 (Ln = lanthanide) family of materials. Kagome lattices have emerged as an ideal platform for exploring exotic quantum phenomena in materials. Here, the discovery of a Ti-based kagome metal YbTi3Bi4 is reported, showing spectroscopic evidence of four flat bands originating from both Yb 4f and Ti 3d orbitals, multiple van Hove singularities, and a linearly dispersing gapped Dirac-like bulk state.",12,3.7587,11,1
https://openalex.org/W4282967605,https://doi.org/10.1039/d2ra01516a,Rational design of large flat nitrogen-doped graphene oxide quantum dots with green-luminescence suitable for biomedical applications,2022,article,T11342,Carbon and Quantum Dots Applications,This paper reveals the methodology for robust preparation of purified nitrogen-doped graphene oxide quantum dots with non-cytotoxic activity against monkey epithelial kidney cells (Vero ATCC® CCL-81™).,11,0.6784,15,2
https://openalex.org/W4304014280,https://doi.org/10.1103/physrevb.106.134203,Kibble-Zurek behavior in one-dimensional disordered topological insulators,2022,article,T11804,Quantum many-body systems,"The discovery of nonlocal order parameters in real space provides a feasible scheme for studying dynamical critical behavior in topological systems. We study the critical phenomena in the one-dimensional Su-Schrieffer-Heeger (SSH) model by investigating the inhomogeneities in the local winding number in real space. By slowly quenching the system across the topological phase transition during a finite time interval, we find that the length scale defined through the local winding number satisfies the Kibble-Zurek mechanism. In contrast to the density of excitation, the scaling of this length scale is in full analog to the behavior of traditional continuous phase transitions with local order parameter and spontaneous symmetry breaking. In addition, the critical behavior and Kibble-Zurek mechanism in the generalized SSH with next-nearest-neighbor hopping are also studied. These results extend our understanding to the Kibble-Zurek mechanism and topological phase transition in nonequilibrium.",15,2.294,3,1
https://openalex.org/W3046777086,https://doi.org/10.1016/j.matchemphys.2020.123617,Tunable electronic and optical properties of g-ZnO/α-PtO2 van der Waals heterostructure: A density functional theory study,2020,article,T10275,2D Materials and Applications,,15,0.972,3,1
https://openalex.org/W2020917082,https://doi.org/10.1142/s0218863512500506,INFLUENCE OF NONLINEAR ELECTRON MOBILITY ON RESPONSE TIME IN PHOTOREFRACTIVE SEMICONDUCTOR QUANTUM WELLS,2012,article,T11050,Photorefractive and Nonlinear Optics,"Nonlinear transport of hot electrons in semi-insulating GaAs / AlGaAs quantum wells significantly affects their photorefractive properties. In case of two waves mixing, this influence consists, among others, in an increased shift of photorefractive grating relative to light intensity distribution. The influence of nonlinear transport on grating recording time is less examined experimentally and theoretically. This study compares numerical and analytical solutions describing grating dynamics in approximation of small fringe contrast. The influence of nonlinear electron mobility on space-charge field was examined depending on external electric field intensity and on the grating constant. It was found that in the electric field range below 20 kV/cm, the nonlinear transport of electrons does not shorten the grating generation time.",5,0.4242,5,1
https://openalex.org/W2998922161,https://doi.org/10.1364/ol.386879,Attosecond all-optical control and visualization of quantum interference between degenerate magnetic states by circularly polarized pulses,2020,article,T10566,Laser-Matter Interactions and Applications,"Controlling coherence and interference of quantum states is one of the central goals in quantum science. Different from energetically discrete quantum states, however, it remains a demanding task to visualize coherent properties of degenerate states (e.g., magnetic sublevels). It becomes further inaccessible in the absence of an external perturbation (e.g., Zeeman effect). Here, we present a theoretical analysis of all-optical control of degenerate magnetic states in the molecular hydrogen ion, $ {\rm H}_2^ + $H2+, by using two time-delayed co- and counterrotating circularly polarized attosecond extreme-ultraviolet (XUV) pulses. We perform accurate simulations to examine this model by solving the three-dimensional time-dependent Schrödinger equation. A counterintuitive phenomenon of quantum interference between degenerate magnetic sublevels appears in the time-dependent electronic probability density, which is observable by using x-ray-induced transient angular and energy-resolved photoelectron spectra. This work provides an insight into quantum interference of electron dynamics inside molecules at the quantum degeneracy level.",29,3.6154,5,3
https://openalex.org/W3094335920,https://doi.org/10.1360/ssi-2020-0123,Electromagnetic metamaterials&amp;mdash;from effective media to field programmable systems,2020,article,T10245,Metamaterials and Metasurfaces Applications,"Electromagnetic metamaterials are periodic or nonperiodic artificial structures comprising basic elements in subwavelength scales. They can be used to control electromagnetic waves by designing the basic elements and their spatial arrangements. Metamaterial has been a research hotspot in physical and information sciences. In this review, I present the history and main progresses achieved in metamaterial studies conducted in the State Key Laboratory of Millimeter Waves at Southeast University, which were performed in three stages. In the first stage, we improved the developments in effective-medium metamaterials. In particular, we proposed a general theory to accurately describe the effective permittivity and permeability of metamaterials. Based on the general theory, we designed and realized a three-dimensional (3D) wideband ground-plane invisibility cloak, free-space electrostatic invisibility cloak, electromagnetic black hole, electromagnetic illusions, and radially anisotropic zero-index metamaterial for omni-directional radiations and nearly perfect power combinations of source arrays. Moreover, we undertook significant efforts in engineering applications of microwave metamaterials, such as broadband and low-loss 3D transformation-optic lens for wide-angle scanning, 3D planar gradient-index lens for high-gain radiations, and random metasurfaces to reduce radar cross sections. In the second stage, we opened up a new direction of plasmonic metamaterials from the viewpoint of microwave transmission lines. We proposed an ultrathin, narrow, and flexible corrugated metallic strip to guide spoof surface plasmon polaritons (SPPs) with small bending and radiation losses, based on which we designed and realized a series of passive SPP devices (such as power divider, coupler, filter, and resonator), active SPP devices (such as amplifier and duplexer) and SPP antennas in the microwave bands. We demonstrated a significant feature of the ultrathin SPP transmission line in overcoming challenges of signal integrity existing in the traditional integrated devices and circuits. We built up a full-SPP wireless communication system with unique properties to remotely transmit two movies in two deep-subwavelength-distance channels exhibiting excellent performance. In the third stage, we established a new area of metamaterial-information metamaterial. We proposed to describe the metamaterial using digital coding from the information science viewpoint, which directly resulted in a new kind of metamaterial-digital coding metamaterial. We theoretically and experimentally illustrated that the digital coding metamaterials comprising digital units can be controlled using different coding sequences to achieve different functions. When the digital state of the coding unit was controlled using a field programmable gate array (FPGA), we realized a field programmable metamaterial that can manipulate electromagnetic waves in real time and generate numerous different functions using a single piece of hardware. The digital coding metamaterial provides a platform to establish a digital space on the physical space and enriches the methodology and theory of metamaterials. We proposed measuring the information capacity of metamaterials using Shannon entropy and presented the convolution and addition theorems on metamaterial platforms, which can be used to simultaneously control the physical properties and digital information. Based on information metamaterials, we established new-architecture microwave imaging systems, wireless communication systems, and other intelligent information systems.",22,0.9302,1,0
https://openalex.org/W2268450570,https://doi.org/10.1103/physrevb.91.205410,Imaging nuclear spins weakly coupled to a probe paramagnetic center,2015,article,T10478,Diamond and Carbon-based Materials Research,"Optically detected paramagnetic centers in wide-band-gap semiconductors are emerging as a promising platform for nanoscale metrology at room temperature. Of particular interest are applications where the center is used as a probe to interrogate other spins that cannot be observed directly. Using the nitrogen-vacancy (NV) center in diamond as a model system, we propose a strategy to determine the spatial coordinates of weakly coupled nuclear spins. The central idea is to label the target nucleus with a spin polarization that depends on its spatial location, which is subsequently revealed by making this polarization flow back to the NV for readout. Using extensive analytical and numerical modeling, we show that the technique can attain high spatial resolution depending on the NV lifetime and target spin location. No external magnetic field gradient is required, which circumvents complications resulting from changes in the direction of the applied magnetic field, and considerably simplifies the required instrumentation. Extensions of the present technique may be adapted to pinpoint the locations of other paramagnetic centers in the NV vicinity or to yield information on dynamical processes in molecules on the diamond surface.",15,1.1198,3,1
https://openalex.org/W4399308041,https://doi.org/10.47363/jpsos/2024(6)242,Density Functional Waltz: Molecular Theory of Spin Dynamics,2024,article,T11948,Machine Learning in Materials Science,"Spin dynamics in molecular systems lies at the heart of contemporary research, promising revolutionary applications in fields like spintronics and quantum information processing. The paper provides insights into green techniques to improve spin dynamics for utilization in quantum computing and magnetic materials. This dynamic approach describes the temperature-dependent evolution of spin-lattice interactions. Snapshots acquired from various simulations enable additional DFT investigations, providing a more sophisticated understanding of spin dynamics under temperature variations. By seamlessly integrating theoretical insights with computational approaches, the Density Functional Waltz emerges as a potent paradigm for unraveling the mesmerizing choreography of spin dynamics at the molecular scale. This review analyzes the evolution of machine-learning approaches in the field of chemical sciences. The proposed review will highlight the significance of collaboration between quantum catalysis and the chemical physics community. There is an outline of the unique features of electron spin alongside the ingenious integration of macromolecules to control and fine-tune electron spin-based innovation",17,1.9495,2,1
https://openalex.org/W3005224667,https://doi.org/10.1016/j.jcis.2020.02.018,Microwave synthesis of histidine-functionalized graphene quantum dots/Ni-Co LDH with flower ball structure for supercapacitor,2020,article,T10179,Supercapacitor Materials and Fabrication,,107,4.3045,7,1
https://openalex.org/W7145220307,,Color Sensitive Response of Graphene/Graphene Quantum Dot Phototransistors,2019,article,T11342,Carbon and Quantum Dots Applications,"We present the fabrication and characterization of all-carbon phototransistors made of graphene three terminal devices, coated with atomically precise graphene quantum dots (GQD). Chemically synthesized GQDs are the light absorbing materials, while the underlying chemical vapor deposition (CVD)-grown graphene layer acts as the charge transporting channel. We investigated three types of GQDs with different sizes and edge structures, having distinct and characteristic optical absorption in the UV–vis range. The photoresponsivity exceeds 106 A/W for vanishingly small incident power (<10–12 W), comparing well with state of the art sensitized graphene photodetectors. More importantly, the photoresponse is determined by the specific absorption spectrum of each GQD, exhibiting the maximal responsivity at the wavelengths corresponding to the absorption maxima. Overall this behavior can be ascribed to the efficient and selective absorption of light by the GQDs, followed by a charge transfer to graphene, a mechanism known as the photogating effect. Our results suggest the use of graphene/GQD devices as valuable photodetectors for application where color sensitivity is required.",0,0.0,10,0
https://openalex.org/W4220687321,https://doi.org/10.1088/2040-8986/ac5cd7,Recent advances on strong light-matter coupling in atomically thin TMDC semiconductor materials,2022,article,T12612,Strong Light-Matter Interactions,"Abstract The strong light–matter interaction between the exciton of atomically thin transition metal dichalcogenides (TMDCs) and photonic nanocavities leads to the formation of unique hybrid light-matter quasiparticles known as exciton-polaritons. The newly formed mixed state has the advantages of the photonic part such as rapid propagation and low effective mass and the highly desirable optical properties of TMDC’s exciton, including the interparticle strong interactions nonlinearity and spin-valley polarization. These joint properties make such systems an ideal platform for studying many compelling physics phenomena and open the possibility of designing novel optoelectronic devices. This work reviews recent progress of strong coupling between exciton in TMDC and different resonant photonic structures, such as optical microcavities, plasmonic and all-dielectric nanocavities. Furthermore, we discussed the unique valleytronic and nonlinear properties of TMDC monolayers in the strong coupling regime. Finally, we highlighted some of the challenges and potential future research opportunities in this field.",45,6.5751,6,1
https://openalex.org/W2041915571,https://doi.org/10.1063/1.4790804,Tunneling spectroscopy of chiral states in ultra-thin topological insulators,2013,article,T10657,Topological Materials and Phenomena,"The temperature, Fermi-level, and bias dependencies of the inter-surface tunneling current in thin-film topological insulators show unique, identifying signatures of the surface states and their opposite chiralities. The opposite chiralities of the surface states limit the tunneling to the band edges of the gapped Dirac cones. As a result, the tunneling conductance is sensitive to the temperature, the Fermi level, and the surface-surface potential difference. The temperature dependence of the tunneling conductance changes sign as the Fermi level scans through the Dirac point. The tunneling transmission is a minimum when the opposing surface Dirac cones are perfectly aligned in energy. This minimum state of the tunneling channel can result in negative differential resistance (NDR) in the presence of a built-in Rashba-like splitting. The unique thermal response of the tunneling conductance and the existence of NDR suggest a tunneling spectroscopy experiment to demonstrate the opposite chiralities of the opposing surface states.",6,1.3225,3,1
https://openalex.org/W2784890637,https://doi.org/10.1039/c7ra10824a,Design of bright near-infrared-emitting quantum dots capped with different stabilizing ligands for tumor targeting,2018,article,T10321,Quantum Dots Synthesis And Properties,Advanced research into biocompatible NIR-emitting QDs provides significant promise for long-term diagnosis and therapy through <italic>in vivo</italic> observations.,12,0.297,7,1
https://openalex.org/W1993562542,https://doi.org/10.1016/j.infrared.2006.10.031,Band structure and impurity effects on optical properties of quantum well and quantum dot infrared photodetectors,2006,article,T10022,Semiconductor Quantum Structures and Devices,,14,1.2947,5,1
https://openalex.org/W2040787724,https://doi.org/10.1063/1.2903059,Effect of ZnS coating on the photovoltaic properties of CdSe quantum dot-sensitized solar cells,2008,article,T10321,Quantum Dots Synthesis And Properties,"CdSe quantum dots (QDs) were adsorbed onto nanostructured TiO2 films for different times by using a chemical bath deposition method in order to produce QD-sensitized solar cells (QDSSCs). Surface modification was done by coating ZnS onto the CdSe QDs. The optical absorption and current-voltage characteristics of these devices were studied. The size of the CdSe QDs increased with increasing adsorption time, and there was an optimum CdSe adsorption time for achieving the best photovoltaic conversion efficiency. The photovoltaic properties of short-circuit current density, open-circuit voltage, and photovoltaic conversion efficiency were significantly improved after modifying the surface with ZnS. Under a solar illumination of 100 mW/cm2, an efficiency as high as 2.02% was achieved for the CdSe QDSSCs that were made by using this method.",400,13.733,4,1
https://openalex.org/W3109706284,https://doi.org/10.3367/ufne.2020.11.038884,"In search of lost time: attosecond physics, petahertz optoelectronics, and quantum speed limit",2020,article,T10566,Laser-Matter Interactions and Applications,"Abstract Modern optical physics provides means to detect and resolve ultrafast processes on a time scale of tens of attoseconds. The physical interpretation of such measurements, however, remains the focus of heated debate. In its conceptual dimension, this debate reflects fundamental difficulties in defining time in quantum mechanics. En route toward resolving this difficulty, we are led to extend universal uncertainty relations to ultrafast light–matter interactions. Such a generalized uncertainty sets a lower bound on the response time inherent in attosecond electronic dynamics driven by ultrashort laser pulses, dictating a speed limit for next-generation photonic information systems — systems of petahertz optoelectronics.",26,2.8095,1,2
https://openalex.org/W2189250570,,Low density InAs quantum dots on GaAs.,2004,article,T10022,Semiconductor Quantum Structures and Devices,Surface density of self-organized InAs quantum dots in a GaAs matrix was correlated to MBE growth conditions. Surface density as low as 2*10 9 cm -2 was achieved.,0,0.0,10,0
https://openalex.org/W2128915304,https://doi.org/10.1088/1367-2630/15/11/115001,Magneto-Josephson effects and Majorana bound states in quantum wires,2013,article,T10657,Topological Materials and Phenomena,"A prominent signature of Majorana bound states is the exotic Josephson effects they produce, the classic example being a fractional Josephson current with 4π periodicity in the phase difference across the junction. Recent work established that topological insulator edges support a novel 'magneto- Josephson effect', whereby a dissipationless current exhibits 4π-periodic dependence also on the relative orientation of the Zeeman fields in the two banks of the junction. Here, we explore the magneto-Josephson effect in junctions based on spin–orbit-coupled quantum wires. In contrast to the topological insulator case, the periodicities of the magneto-Josephson effect no longer follow from an exact superconductor–magnetism duality of the Hamiltonian. We employ numerical calculations as well as analytical arguments to identify the domain configurations that display exotic Josephson physics for quantum-wire junctions, and elucidate the characteristic differences with the corresponding setups for topological insulators edges. To provide guidance to experiments, we also estimate the magnitude of the magneto-Josephson effects in realistic parameter regimes, and compare the Majorana-related contribution to the coexisting 2π-periodic effects emerging from non-Majorana states.",24,2.4311,7,3
https://openalex.org/W4224230516,https://doi.org/10.1103/physrevmaterials.6.l041001,Origami-controlled strain engineering of tunable flat bands and correlated states in folded graphene,2022,article,T10083,Graphene research and applications,"Flat electronic bands with tunable structures offer opportunities for the exploitation and manipulation of exotic interacting quantum states. Here, we present a controllable route to construct easily tunable flat bands in folded graphene by nano origami-controlled strain engineering, and we discover correlated states in this system. Via tearing and folding graphene monolayer at arbitrary step edges with scanning tunneling microscope manipulation, we create strain-induced pseudomagnetic fields as well as resulting flat electronic bands in the curved edges of folded graphene. We show that the intensity of the pseudomagnetic field can be readily tuned by changing the width of the folding edge due to the edge-width-dependent lattice deformation, leading to the well adjustability of the geometry of flat bands in folded graphene. Furthermore, by creating expected dispersionless flat bands using this technique, the correlation-induced splits of flat bands are successfully observed in the density of states when these bands are partially filled. Our experiment provides a feasible and effective pathway to engineer the system with tunable flat band structures, and it establishes a platform that can be used to realize devisable strain and interaction-induced quantum phases.",16,1.2066,13,1
https://openalex.org/W2962690450,https://doi.org/10.48550/arxiv.cond-mat/0408296,Electric field induced narrowing of exciton line width,2004,article,T11177,Spectroscopy and Quantum Chemical Studies,"Considering effects of electric field on the low temperature absorption line of quantum well excitons, we show that, for moderate strength of the electric field, the main contribution to the field dependence of the line-width results from field induced modifications of inhomogeneous broadening of excitons. We find that the strength of the random potential acting on quantum well excitons due to alloy disorder and interface roughness can either decrease or increase with field depending upon the thickness of the well. This means that under certain conditions one can observe counterintuitive narrowing of exciton spectral lines in electric field.",0,,3,0
https://openalex.org/W4205491753,https://doi.org/10.1016/j.spmi.2021.107146,"The effects of temperature and pressure on the optical properties of a donor impurity in <mml:math xmlns:mml=""http://www.w3.org/1998/Math/MathML"" altimg=""si1.svg""><mml:mrow><mml:mrow><mml:mo stretchy=""true"">(</mml:mo><mml:mrow><mml:mi mathvariant=""bold-italic"">In</mml:mi><mml:mo>,</mml:mo><mml:mspace width=""0.25em""/><mml:mi mathvariant=""bold-italic"">Ga</mml:mi></mml:mrow><mml:mo stretchy=""true"">)</mml:mo></mml:mrow><mml:mi mathvariant=""bold-italic"">N</mml:mi><mml:mo linebreak=""goodbreak"" linebreakstyle=""after"">/</mml:mo><mml:mi mathvariant=""bold-italic"">GaN</mml:mi></mml:mrow></mml:math> multilayer cylindrical quantum dots",2022,article,T10022,Semiconductor Quantum Structures and Devices,,50,7.0338,5,2
https://openalex.org/W2801247498,https://doi.org/10.1007/s13204-018-0774-0,Nano interface potential influences in CdTe quantum dots and biolabeling,2018,article,T10321,Quantum Dots Synthesis And Properties,"Abstract Nano interface influences in physiochemical properties of quantum dots (QDs) are the challenging approach to tailor its surface functionalities. In this study, a set of polar and non-polar solvents were selected to analyze the influences in solvent-based dynamic radius and surface potential of QDs. From the nano interface chemistry of polar and non-polar solvents, an appropriate mechanism of precipitation and hydrophobic ligand exchange strategy were elucidated by correlating Henry’s equation. Further, the in vitro cytotoxic potential and antimicrobial activity of QDs were assessed to perform biolabeling. From the observations, an appropriate dosage of QDs was fixed to label the animal ((RAW 264.7 cell lines) and bacterial cells ( Escherichia coli ) for effective cell attachment. Biolabeling was achieved by tailoring nano interface chemistry of QDs without additional support of biomolecules. Bacterial cell wall-based interaction of QDs was evaluated using SEM and EDAX analysis. Thus, provided clear insights into the nano interface chemistry in the development of highly photostable QDs will be helpful in biomedical applications.",13,0.4852,2,1
https://openalex.org/W2733367810,,Effect of surface roughness on density of self-assembled quantum dot grown by MBE,2014,article,T10321,Quantum Dots Synthesis And Properties,,0,0.0,1,0
https://openalex.org/W2618960727,https://doi.org/10.1002/chem.201701271,"Metal–Ligand Complex‐Induced Ultrafast Charge‐Carrier Relaxation and Charge‐Transfer Dynamics in CdX (X=S, Se, Te) Quantum Dots Sensitized with Nitrocatechol",2017,article,T10321,Quantum Dots Synthesis And Properties,"The present work describes the effect of interfacial complex formation on charge carrier dynamics in CdX (X=S, Se, Te) quantum dots (QDs) sensitized nitro catechol (NCAT). To compare experiments were also carried out with catechol (CAT) where no such complexation was observed. Time-resolved emission studies suggest faster charge separation in CdS(Se)/NCAT system as compared to CdS(Se)/CAT although change in Gibbs free energy for hole transfer is less in former as compared to later. This suggests that complex formation favours charge separation. Similar studies were also carried out in CdTe/NCAT system where hole transfer process was not viable thermodynamically but due to complex formation charge separation was observed. Femtosecond transient absorption studies have been carried out to monitor charge carrier dynamics in early time scale. Transient studies show faster electron cooling in QDs/NCAT system as compared to pure QDs and has been assigned to the complex formation on QDs surface. Interestingly charge recombination dynamics is much faster in QDs/NCAT system as compared to pure QDs which can be attributed to the stronger coupling between QDs and NCAT. Our results suggest a strong metal-ligand complex formation on QDs surface that controls charge carrier dynamics in QDs/molecular adsorbate system and to the best of our knowledge it has never been reported.",13,0.8868,4,1
https://openalex.org/W2396422689,https://doi.org/10.1039/c6tc01261b,Ligand exchange as a tool to improve quantum dot miscibility in polymer composite layers used as luminescent down-shifting layers for photovoltaic applications,2016,article,T10321,Quantum Dots Synthesis And Properties,"UV cured luminescent CuInS<sub>2</sub>/ZnS quantum dot–polymer composites are prepared, their ligands are exchanged with oligomeric ligands and these composites are evaluated as down-shifting layers.",30,1.5915,5,2
https://openalex.org/W2032184041,https://doi.org/10.1103/physrevlett.99.057003,Supercurrent Pumping in Josephson Junctions with a Half-Metallic Ferromagnet,2007,article,T10037,Physics of Superconductivity and Magnetism,"A Josephson current through a half-metallic ferromagnet between two conventional superconductors is theoretically studied. The spin dynamics such as magnon excitation plays a crucial role not only for the conversion between spin-singlet and spin-triplet pairs but also for the formation of the composite state of a triplet Cooper pair and magnon, by which the Josephson current flows between the superconductors. We propose the supercurrent pumping driven by the coherent precession of the magnetization by tuning the microwave frequency to the ferromagnetic resonance frequency in a ferromagnetic Josephson junction.",43,4.0178,5,2
https://openalex.org/W4226453597,https://doi.org/10.1103/physrevb.105.205430,Revealing universal Majorana fractionalization using differential shot noise and conductance in nonequilibrium states controlled by tunneling phases,2022,article,T10657,Topological Materials and Phenomena,"Universal fractionalization of quantum transport characteristics in Majorana quantum dot devices is expected to emerge for well separated Majorana bound states. We show that the Majorana universality of the differential shot noise $\ensuremath{\partial}{S}^{&gt;}/\ensuremath{\partial}V$ and conductance $\ensuremath{\partial}I/\ensuremath{\partial}V$ at low bias voltages $V$ arises only in ideal setups with only one Majorana mode entangled with the quantum dot. In realistic devices, where both Majorana modes are entangled with the quantum dot, $\ensuremath{\partial}{S}^{&gt;}/\ensuremath{\partial}V$ and $\ensuremath{\partial}I/\ensuremath{\partial}V$ become very sensitive to tunneling phases and their universal fractional values are hard to observe even for well separated Majorana bound states. In contrast, as revealed here, the ratio $(\ensuremath{\partial}{S}^{&gt;}/\ensuremath{\partial}V)/(\ensuremath{\partial}I/\ensuremath{\partial}V)$ weakly depends on the tunneling phases and is fractional when the Majorana bound states are well separated or integer when they significantly overlap. Importantly, for very large $V$ we demonstrate that this ratio becomes fully independent of the tunneling phases and its universal fractional Majorana value may be observed in state-of-the-art experiments.",0,0.0,1,1
https://openalex.org/W4387443800,https://doi.org/10.1016/j.surfin.2023.103497,Rotation angle dependent Li intercalation and the induced phase transition in bilayer MoTe2,2023,article,T10083,Graphene research and applications,,2,0.1867,5,1
https://openalex.org/W2003955159,https://doi.org/10.1088/0268-1242/19/2/010,"Detailed investigation of electron transport, capture and gain in Al<sub>0.3</sub>Ga<sub>0.7</sub>As/GaAs quantum well infrared photodetectors",2003,article,T10022,Semiconductor Quantum Structures and Devices,"We present an investigation of Al0.3Ga0.7As/GaAs quantum well infrared photodetectors (QWIPs) through detailed ensemble Monte Carlo simulations. Both two-dimensional and three-dimensional electrons are simulated with realistically evaluated scattering rates. Transport of the excited electrons is accurately modelled including the reflections from well-barrier interfaces. The details incorporated into the simulator clarified some important phenomena, as well as verifying the previous predictions. Under large bias, well accumulation occurs non-uniformly, being highest near the emitter. Contrary to previous assumptions, the L valley is found to be the origin of a significant portion of the captured electrons even under typical bias voltages. Gamma-L transfer, while decreasing carrier mobility, also increases capture probability and decreases the electron lifetime, having a twofold effect on device gain. The above findings explain the large difference between the gains of AlxGa1-xAs/GaAs (with x similar to 0.3) and InP/In0.53Ga0.47As (or GaAs/InxGa1-xAs) QWIPs, as well as the bias dependence of gain. The average barrier electron velocity is close to the saturated electron velocity in bulk Al0.3Ga0.7As under moderate and large bias; however, low-field mobility is significantly lower than that in bulk material. While complementing previous work, our results offer a deeper understanding of some important QWIP characteristics by resolving the details of transport and electron dynamics in the device.",28,2.5551,2,1
https://openalex.org/W3009643186,https://doi.org/10.1038/s41565-020-0650-4,A monolayer transition metal dichalcogenide as a topological excitonic insulator,2019,article,T10275,2D Materials and Applications,"Monolayer transition metal dichalcogenides in the T' phase promise to realize the quantum spin Hall (QSH) effect at room temperature, because they exhibit a prominent spin-orbit gap between inverted bands in the bulk. Here we show that the binding energy of electron-hole pairs excited through this gap is larger than the gap itself in MoS2, a paradigmatic material that we investigate from first principles by many-body perturbation theory (MBPT). This paradoxical result hints at the instability of the T' phase against the spontaneous generation of excitons, and indeed we find that it gives rise to a recostructed `excitonic insulator' ground state. Importantly, we show that in this system topological and excitonic order cooperatively enhance the bulk gap by breaking the crystal inversion symmetry, in contrast to the case of bilayers where the frustration between the two orders is relieved by breaking time reversal symmetry. The excitonic topological insulator departs distinctively from the bare topological phase as it lifts the band spin degeneracy, which results in circular dichroism. A moderate biaxial strain applied to the system leads to two additional excitonic phases, different in their topological character but both ferroelectric as an effect of electron-electron interactions.",107,3.0291,4,1
https://openalex.org/W2018126835,https://doi.org/10.1088/0957-4484/21/35/355401,Spin interactions in a quantum dot containing a magnetic impurity,2010,article,T10022,Semiconductor Quantum Structures and Devices,"The electron and hole states in a CdTe quantum dot containing a single magnetic impurity in an external magnetic field are investigated using a multiband approximation which includes the heavy hole-light hole coupling effects. The electron-hole spin interactions and sp-d interactions between the electron, the hole and the magnetic impurity are also included. The exciton energy levels and optical transitions are evaluated using the exact diagonalization scheme. A novel mechanism is proposed here to manipulate impurity spin in the quantum dot which allows us to drive selectively the spin of the magnetic atom into each of its six possible orientations.",14,1.3098,2,1
https://openalex.org/W3216428081,https://doi.org/10.1088/1361-6463/ac3c76,Probing topological quantum phase transitions via photonic spin Hall effects in spin-orbit coupled 2D quantum materials,2021,article,T10657,Topological Materials and Phenomena,"Abstract Topological photonics is an emerging field in photonics in which various topological and geometrical ideas are used to manipulate and control the behavior of light photons. The interplay between topological matter and the spin degree of freedom of photons provides new opportunities for achieving spin-based photonics applications. In this paper, the photonic spin Hall effect (PSHE) of reflected light from the surface of the topological silicene quantum systems subjected to external electric and radiation fields in the terahertz regime is theoretically investigated. By tuning the external electric and the applied laser fields, we can drive the silicenic system through different topological quantum phase transitions. We demonstrate that the in-plane and transverse spatial spin dependent shifts exhibit extreme values near Brewster’s angles and away from the optical transition frequencies. We reveal that the photonic spin Hall shifts are sensitive to the spin and valley indices as well as to the number of closed gaps. We believe that the spin and valley-resolved PSHE will greatly impact the research in spinoptics, spintronics, and valleytronics.",35,3.7401,1,1
https://openalex.org/W2094044024,https://doi.org/10.1063/1.3663152,Electromagnetic Response of Three-Dimensional Arrays of Quantum Dot Molecules,2011,article,T10022,Semiconductor Quantum Structures and Devices,We theoretically study the impact of the coherent manipulation of electronic states in double vertical lens‐shaped circular InAs/GaAs quantum dot molecules on the collective optical characteristics (effective permittivity) of three‐dimensional arrays of those nano‐objects. For the asymmetric molecules we demonstrate an opportunity to drive the effective permittivity by applying an external magnetic field to the arrays. We show that one can observe the changes in the quantum mechanical states of the molecules by monitoring changes of the effective permittivity of arrays of such nano‐objects.,0,0.0,6,1
https://openalex.org/W2245484764,https://doi.org/10.1016/j.physb.2015.11.022,Magnetic and structural properties of Mn-doped Bi2Se3 topological insulators,2015,article,T10657,Topological Materials and Phenomena,,19,1.5385,11,2
https://openalex.org/W3130516781,https://doi.org/10.1038/s41699-021-00200-9,High-throughput bandstructure simulations of van der Waals hetero-bilayers formed by 1T and 2H monolayers,2021,article,T10275,2D Materials and Applications,"Abstract Vertically stacked van der Waals heterostructures made of two-dimensional compounds are almost an infinite playground for the fabrication of nano-engineered materials for the most diverse applications. Unfortunately, high-throughput electronic structure theory, which often serves as a guidance for material design, is not practical in this case. In fact, the compositional and structural complexity of van der Waals heterostructures make the number of prototypes to calculate combinatorially large. In this work a method is developed to compute the bandstructure of van der Waals heterostructures with an arbitrary composition and geometry using minimal computational resources. Such scheme is applied to the systematic study of a library of two-dimensional hexagonal X Y 2 compounds. The method is based on the density functional theory and on the assumption that the inter-layer electronic interaction is limited to classical electrostatic screening. Our analysis enables us to identify and categorize a large range of van der Waals bilayer heterostructures with electronic band gaps of different nature ranging from 0.1 to 5.5 eV and various types of band line-up.",31,1.7622,4,2
https://openalex.org/W2013078788,https://doi.org/10.1080/09500340701515120,Transfer of a polaritonic qubit through a coupled cavity array,2007,article,T12612,Strong Light-Matter Interactions,"We demonstrate a scheme for quantum communication between the ends of an array of coupled cavities. Each cavity is doped with a single two level system (atoms or quantum dots) and the detuning of the atomic level spacing and photonic frequency is appropriately tuned to achieve photon blockade in the array. We show that in such a regime, the array can simulate a dual rail quantum state transfer protocol where the arrival of quantum information at the receiving cavity is heralded through a fluorescence measurement. Communication is also possible between any pair of cavities of a network of connected cavities.",43,3.7701,3,1
https://openalex.org/W1980000038,https://doi.org/10.1103/physreve.77.051102,Entanglement and classical instabilities: Fingerprints of electron-hole-to-exciton phase transition in a simple model,2008,article,T12612,Strong Light-Matter Interactions,"We propose a schematic model to study the formation of excitons in bilayer electron systems. The phase transition is signalized both in the quantum and classical versions of the model. In the present contribution we show that not only the quantum ground state but also higher energy states, up to the energy of the corresponding classical separatrix orbit, ""sense"" the transition. We also show two types of one-to-one correspondences in this system: On the one hand, between the changes in the degree of entanglement for these low-lying quantum states and the changes in the density of energy levels; on the other hand, between the variation in the expected number of excitons for a given quantum state and the behavior of the corresponding classical orbit.",9,0.9301,6,1
https://openalex.org/W7139470822,,Terahertz Oscillating Devices Based Upon The Intrinsic Josephson Junctions In A High Temperature Superconductor,2014,article,T10037,Physics of Superconductivity and Magnetism,"Recent developments of coherent terahertz (THz) oscillators based on the intrinsic Josephson junctions (IJJs) in mesas of the high temperature superconductor Bi2Sr2CaCu2O8+δ are reviewed. Experimental and theoretical studies of the emission from equilateral, right-angled isosceles, and acute isosceles triangular mesas are compared with those obtained from rectangular, square, and disk mesas, in order to determine the role of the mesa geometry. The superconducting properties and emission frequency f spectra are presented for a variety of triangular mesa geometries. Analytic and finite difference time domain numerical calculations of the emissions from the internal electromagnetic (EM) cavity modes of triangular mesas are compared with experiment. The experimental f always satisfies the ac Josephson relation, and its narrow linewidth arises from the synchronized emissions from many IJJs. For some mesa geometries, f also strongly locks onto an EM cavity mode frequency, enhancing the emission's stability and output power. For other geometries, such cavity mode locking is weak, and f is highly tunable. © Springer Science+Business Media New York 2013.",0,0.0,15,0
https://openalex.org/W4385064211,https://doi.org/10.1126/sciadv.adi5404,Pseudo-heterostructure and condensation of 1D moiré excitons in twisted phosphorene bilayers,2023,article,T10275,2D Materials and Applications,"Heterostructures are not expected to form in a single homogeneous material. Here, we show that planar pseudo-heterostructures could emerge in a twisted bilayer of phosphorene (tbP), driving in-plane energy and charge transfer. The formation of moiré superlattices combined with electronic anisotropy in tbPs yields one-dimensional (1D) moiré excitons with long radiative and nonradiative lifetimes, large binding energies, and deep moiré potentials. Low-frequency moiré phonons and dynamic moiré potentials are revealed to be responsible for the in-plane energy/charge transfer and exciton dynamics. The 1D moiré excitons are predicted to exhibit Bose-Einstein condensation at high temperatures and may lead to exotic Tonks-Girardeau Bose gases.",16,1.4938,3,1
https://openalex.org/W1511893077,https://doi.org/10.1088/0957-4484/26/25/255703,The pH-dependent photoluminescence of colloidal CdSe/ZnS quantum dots with different organic coatings,2015,article,T10321,Quantum Dots Synthesis And Properties,"The photoluminescence (PL) of colloidal quantum dots (QDs) is known to be sensitive to the solution pH. In this work we investigate the role played by the organic coating in determining the pH-dependent PL. We compare two types of CdSe/ZnS QDs equipped with different organic coatings, namely dihydrolipoic acid (DHLA)-capped QDs and phospholipid micelle-encapsulated QDs. Both QD types have their PL intensity quenched at acidic pH values, but they differ in terms of the reversibility of the quenching process. For DHLA-capped QDs, the quenching is nearly irreversible, with a small reversible component visible only on short time scales. For phospholipid micelle-encapsulated QDs the quenching is notably almost fully reversible. We suggest that the surface passivation by the organic ligands is reversible for the micelle-encapsulated QDs. Additionally, both coatings display pH-dependent spectral shifts. These shifts can be explained by a combination of irreversible processes, such as photo-oxidation and acid etching, and reversible charging of the QD surface, leading to the quantum-confined Stark effect (QCSE), the extent of each effect being coating-dependent. At high ionic strengths, the aggregation of QDs also leads to a spectral (red) shift, which is attributable to the QCSE and/or electronic energy transfer.",29,1.7689,7,2
https://openalex.org/W2979111390,,Radiative coupling between quantum dots in photonic crystal molecules,2016,article,T10666,Photonic Crystals and Applications,,0,0.0,1,0
https://openalex.org/W1537150621,https://doi.org/10.1002/pssc.201300430,Optical properties and carrier dynamics in <i>m</i> ‐plane InGaN quantum wells,2014,article,T10099,GaN-based semiconductor devices and materials,"Abstract Scanning near‐field and time‐resolved photoluminescence spectroscopy have been applied to characterize single m‐plane InGaN QW structures. The PL spectra were found to be formed by emission from the extended and the localized states. Lateral dimensions of uniform potential regions were placed around a few tens of nm. It was shown that optimization of the template for the QW growth results in a more uniform emission spectrum and a reduced effect of carrier localization. The radiative recombination time at low temperatures was found to be short, about 0.5 ns. At room temperature, nonradiative recombination via efficient recombination centres was prevailing. Complexes of Ga vacancies with O were suggested to play this role. (© 2014 WILEY‐VCH Verlag GmbH &amp; Co. KGaA, Weinheim)",10,0.818,5,2
https://openalex.org/W2784181964,https://doi.org/10.1063/1.5007623,Diffusive-like effects and possible non trivial local topology on the half-Heusler YPdBi compound,2018,article,T10657,Topological Materials and Phenomena,"The non-ambiguous experimental identification of topological states of matter is one of the main interesting problems regarding this new quantum state of matter. In particular, the half-Heusler family RMT (R = rare-earth, T = Pd, Pt or Au and T = Bi, Sb, Pb or Sn) could be a useful platform to explore these states due to their cubic symmetry and the topological properties tunable via their unit cell volume and/or the nuclear charges of the M and T atoms. In this work, we report electron spin resonance (ESR) and complementary macroscopic measurements in the Nd3 + -doped putative topologically trivial semimetal YPdBi. Following the Nd3 + ESR lineshape as a function of microwave power, size of the particle and temperature, we have been able to observe an evolution from a Dysonian lineshape to a diffusive-like lineshape. Furthermore, the Nd3 + ESR intensity saturation is concentration dependent, which could be due to a phonon-bottleneck process. Comparing these results with the Nd3 + -doped YPtBi, we discuss a possible scenario in which the Nd3 + ions could locally tune the topological properties of the system.",8,0.6357,5,1
https://openalex.org/W3013449571,,State-of-the-art Quantum Dot devices from a full 300mm process line: towards scalable spin qubit devices,2020,article,T10382,Quantum and electron transport phenomena,,0,0.0,19,0
https://openalex.org/W4404224910,https://doi.org/10.1039/d4cp03625e,"High Chern number quantum anomalous Hall effect in monolayer Co<sub>3</sub>X<sub>3</sub>SSe (X = Sn, Pb) kagomes",2024,article,T10657,Topological Materials and Phenomena,"Two-dimensional stable kagome ferromagnets Co 3 Sn 3 SSe and Co 3 Pb 3 SSe can realize the QAHE with a high Chern number of | C | = 3, and present intriguing possibilities for advancing intrinsic high Chern number QAH devices.",2,0.648,6,2
https://openalex.org/W2020145203,https://doi.org/10.1088/0034-4885/68/11/r02,Microscopic theory of semiconductor-based optoelectronic devices,2005,article,T10022,Semiconductor Quantum Structures and Devices,"Since the seminal paper by Esaki and Tsu, semiconductor-based nano metric heterostructures have been the subject of impressive theoretical and experimental activity due to their high potential impact in both fundamental research and device technology. The steady scaling down of typical space and time scales in quantum optoelectronic systems inevitably leads to a regime in which the validity of the traditional Boltzmann transport theory cannot be taken for granted and a more general quantum-transport description is imperative. In this paper, we shall review state-of-the-art approaches used in the theoretical modeling, design and optimization of optoelectronic quantum devices. The primary goal is to provide a cohesive treatment of basic quantum-transport effects, able to explain and predict the performances of new-generation semiconductor devices. With this aim, we shall review and discuss a fully three-dimensional microscopic treatment of time-dependent as well as steady-state quantum-transport phenomena, based on the density matrix formalism. This will allow us to introduce in a quite natural way the separation between coherent and incoherent processes. Starting with this general theoretical framework, we shall analyse two different types of quantum devices, namely periodically repeated structures and quantum systems with open boundaries. For devices within the first class, we will show how a proper use of periodic boundary conditions allows us to reproduce and predict their current-voltage characteristics without resorting to phenomenological parameters. For the second class of devices, we will address the relevant issue of a quantum treatment of charge transport in systems with open boundaries (electrical contacts) when studying and simulating an at least two-terminal device.",69,1.4805,2,1
https://openalex.org/W2003697148,https://doi.org/10.1166/jnn.2011.3907,Radiation of Terahertz Electromagnetic Waves from Build-In Nano Josephson Junctions of Cuprate High-&lt;I&gt;T&lt;SUB&gt;c&lt;/SUB&gt;&lt;/I&gt; Superconductors,2011,article,T10037,Physics of Superconductivity and Magnetism,"The nano-scale intrinsic Josephson junctions in highly anisotropic cuprate superconductors have potential for generation of terahertz electromagnetic waves. When the thickness of a superconductor sample is much smaller than the wavelength of electromagnetic waves in vacuum, the superconductor renders itself as a cavity. Unlike conventional lasers, the presence of the cavity does not guarantee a coherent emission because of the internal degree of freedom of the superconductivity phase in long junctions. We study the excitation of terahertz wave by solitons in a stack of intrinsic Josephson junctions, especially for relatively short junctions. Coherent emission requires a rectangular configuration of solitons. However such a configuration is unstable against weak fluctuations, contrarily solitons favor a triangular lattice corresponding to an out-phase oscillation of electromagnetic waves. To utilize the cavity, we propose to use an array of stacks of short intrinsic Josephson junctions to generate powerful terahertz electromagnetic waves. The cavity synchronizes the plasma oscillation in different stacks and the emission intensity is predicted to be proportional to the number of stacks squared.",2,0.2882,2,1
https://openalex.org/W3145823219,,Laser synthesis and size tailor of carbon quantum dots,2011,article,T11342,Carbon and Quantum Dots Applications,"Carbon quantum dots (C-dots) with aver- age sizes of about 3, 8, and 13 nm were synthesized by laser irradiation of graphite flakes in polymer solution. The obtained C-dots display size and excitation wavelength dependent photoluminescence behavior. The size control of C-dots can be realized by tuning laser pulse width. The original reason could be the effects of laser pulse width on the conditions of nucleation and growth of C-dots. Compared with short- pulse-width laser, the long-pulse-width laser would be better fitted to the size and morphology control of nanostructures in the different material systems.",0,0.0,2,0
https://openalex.org/W1991154929,https://doi.org/10.1016/j.jmatprotec.2007.11.007,WITHDRAWN: Re-charging effects in silicon quantum dots,2007,article,T10321,Quantum Dots Synthesis And Properties,,0,0.0,4,0
https://openalex.org/W2287437405,,Ultra Low Temperature Conductance of Helical Edge States in InAs/GaSb 2D Topological Insulator,2015,article,T10657,Topological Materials and Phenomena,,0,0.0,11,0
https://openalex.org/W4399095182,https://doi.org/10.1364/oe.526072,Microwave power self-coherent reference measurement based on ensembles of nitrogen-vacancy centers in diamond,2024,article,T10988,Advanced Fiber Laser Technologies,"Microwave detection based on optical detection magnetic resonance technology (ODMR) of nitrogen-vacancy (NV) centers is simple and non-invasive. However, in high microwave power ranges, saturation appears and cannot be used for accurate power measurement. The self-coherent reference measurement for high-power microwave based on ODMR of NV centers has been demonstrated. Firstly, by introducing the principle of microwave self-coherent reference, that is, by adjusting the phase difference to achieve power regulation of microwave, a conversion model by phase modulation between enhancement and attenuation of microwave power is introduced. Then, the microwave self-coherent reference measurement is established under combinations of microwave power with different phase settings. Combined with the frequency modulation technology, the sensitivity of measurement is significantly improved from 4.59 nT/Hz 1/2 to 67.69 pT/Hz 1/2 . The maximum measurement range of microwave power can be extended to 2×10 4 times the initial saturated power of direct measurement with ODMR. The results show that the method efficiently overcomes saturation under the direct measurement of ODMR and provides useful technical assistance for near-field detection, performance monitoring, and problem diagnostics for microwave devices.",1,0.3133,9,1
https://openalex.org/W4391070647,https://doi.org/10.1016/j.heliyon.2024.e24597,"Investigation of structural, mechanical, electronic and optical responses of Ga doped aluminum arsenide for optoelectronic applications: By first principles",2024,article,T11853,Semiconductor materials and interfaces,"Owing to the rapidly increasing performance of ternary semiconductors; Aluminium Gallium Arsenide (Al1-xGaxAs; x = 0, 0.25, 0.50, 0.75) has been studied by first-principles calculations in Cambridge Serial Total Energy Package (CASTEP-Code). Density functional theory in the frame of full potential linear augmented plane wave (FP-LAPW) is used. The structural, electronic, and optical behavior of the Zinc Blend (ZB) structure of AlAs with Ga impurity was computed by using generalized gradient approximation (GGA) as exchange potential and Perdew-Burke-Ernzerhof (PBE) as functional. Changes in lattice parameters (a), bulk modulus (66.07–76.85), hardness (5.79–8.91) and machinability (1.36–1.46), band gap energy (Eg), and optical properties are computed and discussed in this work. Lattice parameters and elastic constants showed excellent agreement with the reported data whereas some properties were found to excel much more than the theoretical reports. Remarkable bandgap reduction from 1.7eV to 0.28eV is very encouraging in its low-energy applications in UV and visible ranges. Real (Re) and Imaginary (Img) parts of the dielectric function and refractive index shifts towards lower energy values show good agreement with those of theoretical and experimental works. We contribute to the knowledge and characterization of Al1-xGaxAs facilitating its integration into various technological advancements such as photovoltaic, laser, diodes, and high-frequency transistors.",3,0.94,5,2
https://openalex.org/W2594560986,https://doi.org/10.12673/jant.2016.20.6.631,Design of Extendable XOR Gate Using Quantum-Dot Cellular Automata,2016,article,T13182,Quantum-Dot Cellular Automata,"CMOS (complementary metal-oxide-semiconductor)의 소형화에 대한 한계를 극복할 수 있는 대체 기술 중 하나인 양자 셀룰라 오토마타 (QCA; quantum cellular automata)는 나노 단위의 셀들로 이루어져 있고, 전력의 소모량이 매우 적은 것이 특징이다. QCA를 이용한 다양한 회로들이 연구되고 있고, 그 중에서 XOR (exclusive-OR)게이트는 오류 검사 및 복구에 유용하게 사용되고 있다. 기존의 XOR 논리 게이트는 확장성이 부족하고, 클럭 구간의 수가 많이 소요되며, 실제 구현에 어려움이 있는 경우가 많다. 이러한 단점을 극복하기 위해 클럭 구간의 수를 단축한 다수결 게이트를 이용한 XOR 논리 게이트를 제안한다. 제안한 회로는 기존의 XOR 논리 게이트들과 비교 분석하고 그 성능을 검증한다. Quantum cellular automata (QCA) are one of the alternative technologies that can overcome the limits of complementary metal-oxide-semiconductor (CMOS) scaling. It consists of nano-scale cells and demands very low power consumption. Various circuits on QCA have been researched until these days, and in the middle of the researches, exclusive-OR (XOR) gates are used as error detection and recover. Typical XOR logic gates have a lack of scalable, many clock zones and crossover designs so that they are difficult to implement. In order to overcome these disadvantages, this paper proposes XOR design using majority gate reduced clock zone. The proposed design is compared and analysed to previous designs and is verified the performance.",0,0.0,3,0
https://openalex.org/W2013390972,https://doi.org/10.1103/physrevb.68.075322,Anisotropic spin-splitting and spin-relaxation in asymmetric zinc blende semiconductor quantum structures,2003,article,T10382,Quantum and electron transport phenomena,Spin relaxation due to the D'yakonov-Perel' mechanism is intimately related with the spin splitting of the electronic states. We determine the spin relaxation rates from anisotropic spin splittings of electron subbands in $n\ensuremath{-}(001)$ zinc blende semiconductor quantum structures calculated self-consistently in the multiband envelope function approach. The giant anisotropy of spin relaxation rates found for different spin components in the (001) plane can be ascribed to the interplay between the bulk and quantum well inversion asymmetry. One of the in-plane relaxation rates may exhibit a striking nonmonotonous dependence on the carrier density.,58,5.3468,3,1
https://openalex.org/W2613798032,https://doi.org/10.1364/cleo_si.2017.sth4i.7,Photocarrier dynamics in Weyl semimetal WTe2 thin films,2017,article,T10275,2D Materials and Applications,We report the first photocarrier dynamics investigation on type-II Weyl semimetal WTe2. A transient feature where an initial photo-bleaching signal is found followed by a persistent photoinduced absorption over the 1.8-2.5 µm range is revealed.,0,0.0,5,1
https://openalex.org/W3164485183,https://doi.org/10.1002/pssr.202100131,Dual‐Band Absorption Effect in a Topological‐Insulator‐Based Tamm Plasmon Multilayer System,2021,article,T10666,Photonic Crystals and Applications,"Topological insulator materials have attracted greater attention in recent years due to their conducting surface state and insulating bulk state. The unique surface states in topological insulators offer potential applications in photonics and optoelectronics. Herein, topological insulators’ near‐infrared plasmonic behavior is utilized to demonstrate a tunable double‐mode absorber that shows an electromagnetically induced transparency (EIT)‐like effect. A composite structure is formed by sandwiching a photonic crystal heterostructure between topological insulator layers. The transfer matrix method is used to examine the optical response. The evolution of the modes with changes in layer thicknesses, grating period number, and propagating angle is also investigated. The study is further extended to multichannel optical absorption by making changes in the composite structure period, and the resultant absorption spectrum shows a multichannel EIT‐like effect.",5,0.5984,2,1
https://openalex.org/W2570854117,https://doi.org/10.1002/adfm.201770006,QLEDs: A General Solvent Selection Strategy for Solution Processed Quantum Dots Targeting High Performance Light‐Emitting Diode (Adv. Funct. Mater. 1/2017),2017,article,T10321,Quantum Dots Synthesis And Properties,"On page 1603325, T. Song, B. Q. Sun, and co-workers develop a general solvent selection strategy by taking interaction between quantum dots (QDs) and solvent into consideration. A suitable solvent is obtained to achieve a high quality QDs film for an efficient and uniformly emitting light-emitting diode. This strategy provides a general approach to deposit high quality QDs films for solution-processed multilayer optoelectronic devices.",0,0.0,9,1
https://openalex.org/W2093006813,https://doi.org/10.1103/physrevb.85.045414,Galois conjugates of topological phases,2012,article,T10382,Quantum and electron transport phenomena,"Galois conjugation relates unitary conformal field theories and topological quantum field theories (TQFTs) to their nonunitary counterparts. Here we investigate Galois conjugates of quantum double models, such as the Levin-Wen model. While these Galois-conjugated Hamiltonians are typically non-Hermitian, we find that their ground-state wave functions still obey a generalized version of the usual code property (local operators do not act on the ground-state manifold) and hence enjoy a generalized topological protection. The key question addressed in this paper is whether such nonunitary topological phases can also appear as the ground states of Hermitian Hamiltonians. Specific attempts at constructing Hermitian Hamiltonians with these ground states lead to a loss of the code property and topological protection of the degenerate ground states. Beyond this, we rigorously prove that no local change of basis can transform the ground states of the Galois-conjugated doubled Fibonacci theory into the ground states of a topological model whose Hermitian Hamiltonian satisfies Lieb-Robinson bounds. These include all gapped local or quasilocal Hamiltonians. A similar statement holds for many other nonunitary TQFTs. One consequence is that these nonunitary TQFTs do not describe physical realizations of topological phases. In particular, this implies that the ``Gaffnian'' wave function can not be the ground state of a gapped fractional quantum Hall state.",32,1.7007,6,2
https://openalex.org/W2171158058,https://doi.org/10.1103/physrevb.90.094516,Superconductivity of disordered Dirac fermions in graphene,2014,article,T10083,Graphene research and applications,"We numerically study the interplay between superconductivity and disorder on the graphene honeycomb lattice with on-site Hubbard attractive interactions $U$ using a spatially inhomogeneous self-consistent Bogoliubov--de Gennes (BdG) approach. In the absence of disorder there are two phases at charge neutrality. Below a critical value ${U}_{c}$ for attractive interactions there is a Dirac semimetal phase and above it there is a superconducting phase. We add scalar potential disorder to the system, while remaining at charge neutrality on average. Numerical solution of the BdG equations suggests that while in the strong attraction regime ($U&gt;{U}_{c}$) disorder has the usual effect of suppressing superconductivity, in the weak attraction regime ($U&lt;{U}_{c}$) weak disorder enhances superconductivity. In the weak attraction regime, disorder that is too strong eventually suppresses superconductivity, i.e., there is an optimal disorder strength that maximizes the critical temperature ${T}_{c}$. Our numerical results also suggest that in the weakly disordered regime, mesoscopic inhomogeneities enhance superconductivity significantly more than what is predicted by a spatially uniform mean-field theory in the manner of Abrikosov and Gorkov. In this regime, superconductivity consists of rare phase-coherent superconducting islands. We also study the enhancement of the superconducting proximity effect by disorder and mesoscopic inhomogeneities, and obtain typical spatial plots of the tunneling density of states and the superfluid susceptibility that can be directly compared to scanning tunneling microscopy experiments on proximity-induced superconductivity in graphene.",34,0.5718,4,2
https://openalex.org/W2280669091,https://doi.org/10.1088/0957-4484/27/7/075102,Enantioselective cellular uptake of chiral semiconductor nanocrystals,2016,article,T10321,Quantum Dots Synthesis And Properties,"The influence of the chirality of semiconductor nanocrystals, CdSe/ZnS quantum dots (QDs) capped with L- and D-cysteine, on the efficiency of their uptake by living Ehrlich Ascite carcinoma cells is studied by spectral- and time-resolved fluorescence microspectroscopy. We report an evident enantioselective process where cellular uptake of the L-Cys QDs is almost twice as effective as that of the D-Cys QDs. This finding paves the way for the creation of novel approaches to control the biological properties and behavior of nanomaterials in living cells.",63,4.1831,10,2
https://openalex.org/W2020559670,https://doi.org/10.1103/physrevb.72.245316,"Band diagrams of Si and Ge quantum wells via the 30-band<mml:math xmlns:mml=""http://www.w3.org/1998/Math/MathML"" display=""inline""><mml:mrow><mml:mi mathvariant=""bold"">k</mml:mi><mml:mo mathvariant=""bold"">∙</mml:mo><mml:mi mathvariant=""bold"">p</mml:mi></mml:mrow></mml:math>method",2005,article,T10022,Semiconductor Quantum Structures and Devices,"We report on a method to calculate the band diagram of quantum wells using a 30-band $\mathbf{k}\mathbf{∙}\mathbf{p}$ Hamiltonian. The subbands are calculated over the entire Brillouin zone. Such an approach is useful not only for a valence band description but also for a conduction band description when the energy minimum is not located at the center of the Brillouin zone as is the case for Si, SiGe, and Ge. The method also provides information about confinement in $L$ or $X$ valleys for III-V heterostructures. Such a formalism is useful for both optical calculation and for transport modeling. As an illustration, the scattering rates for holes confined in a quantum well are calculated. The accurate density of states provided by the 30-band $\mathbf{k}\mathbf{∙}\mathbf{p}$ method gives access to very different scattering rates as compared with those obtained following an effective mass approach.",27,1.7118,3,1
https://openalex.org/W4391169103,https://doi.org/10.1038/s41567-023-02350-7,Terahertz-field-driven magnon upconversion in an antiferromagnet,2024,article,T10049,Magnetic properties of thin films,,86,26.9478,13,2
https://openalex.org/W7144447504,,"Electrical control of ferromagnetism in n-type ferromagnetic semiconductor (In,Fe)As quantum wells",2014,article,T10090,ZnO doping and properties,,0,0.0,10,0
https://openalex.org/W2968384480,https://doi.org/10.1007/s10854-019-01992-9,Inorganic metal iodide mediated solution phase surface passivation for quantum dot solar cell,2019,article,T10321,Quantum Dots Synthesis And Properties,,4,0.3672,3,1
https://openalex.org/W2799651538,https://doi.org/10.1038/s41563-019-0282-y,Towards polariton blockade of confined exciton–polaritons,2019,article,T12612,Strong Light-Matter Interactions,,207,17.1228,6,3
https://openalex.org/W2581166268,https://doi.org/10.1021/acs.jpcc.6b12613,Efficient Carrier Separation in Graphitic Zinc Oxide and Blue Phosphorus van der Waals Heterostructure,2017,article,T10275,2D Materials and Applications,"Efficient carrier separation is the key to the application of photoelectric device. However, photogenerated electron–hole pairs in simplex semiconductors generally occupy the same regions spatially and are easy to recombine. Here we design a graphitic zinc-oxide-based (g-ZnO) intrinsic type-II heterostructure, g-ZnO/blue phosphorus (BP), based on first-principles calculations. The type-II band offsets and large built-in electric field ensure the photogenerated electrons easily migrating from g-ZnO to BP, which significantly enhances the separation of electron–hole pairs. Improved optical absorption is also observed in the heterostructure. Furthermore, the perpendicular external electric field can greatly modulate band edges and achieve a direct band gap at Γ point, which provides further promotion in the separation of carriers.",82,4.3916,5,1
https://openalex.org/W2079663787,https://doi.org/10.1103/physreva.87.013622,Impurity probe of topological superfluids in one-dimensional spin-orbit-coupled atomic Fermi gases,2013,article,T10425,Cold Atom Physics and Bose-Einstein Condensates,"We investigate theoretically nonmagnetic impurity scattering in a one-dimensional atomic topological superfluid in harmonic traps by solving self-consistently the microscopic Bogoliubov-de Gennes equation. In sharp contrast to topologically trivial Bardeen-Cooper-Schrieffer $s$-wave superfluid, topological superfluid can host a midgap state that is bound to localized nonmagnetic impurity. For strong impurity scattering, the bound state becomes universal, with nearly zero energy and a wave function that closely follows the symmetry of that of Majorana fermions. We propose that the observation of such a universal bound state could be useful evidence for characterizing the topological nature of topological superfluids. Our prediction is applicable to an ultracold, resonantly interacting Fermi gas of ${}^{40}$K atoms with spin-orbit coupling confined in a two-dimensional optical lattice.",21,2.0069,1,1
https://openalex.org/W4210513416,https://doi.org/10.1103/physrevb.105.075108,"Strong anisotropic Hall effect in single-crystalline <mml:math xmlns:mml=""http://www.w3.org/1998/Math/MathML""><mml:msub><mml:mi mathvariant=""normal"">CeMn</mml:mi><mml:mn>2</mml:mn></mml:msub><mml:msub><mml:mi mathvariant=""normal"">Ge</mml:mi><mml:mn>2</mml:mn></mml:msub></mml:math> with helical spin order",2022,article,T10607,Magnetic and transport properties of perovskites and related materials,"The topological Hall effect (THE) is an emergent magnetotransport phenomena in noncollinear itinerant magnets, and has been extensively studied in magnetic materials hosting skyrmion lattices and geometrically frustrated lattices. To explore THE in materials with new nontrivial spin textures, we investigate the anisotropic Hall effect in a longitudinal conical-ordered magnet ${\mathrm{CeMn}}_{2}{\mathrm{Ge}}_{2}$ crystallized in ${\mathrm{ThCr}}_{2}{\mathrm{Si}}_{2}$-type structure, which has a spiral magnetic propagation vector along the $c$ axis and a helical component in the $ab$ plane. Magnetic susceptibility reveals it undergoes two magnetic transitions at \ensuremath{\sim}394 and \ensuremath{\sim}318 K; the latter corresponds to the antiferromagnetic to conical spin order transition in the magnetic Mn lattices. For applied field $({\ensuremath{\mu}}_{0}H)$ along the $c$ axis, ${\mathrm{CeMn}}_{2}{\mathrm{Ge}}_{2}$ exhibits conventional anomalous Hall effect with large intrinsic Hall conductivity ${\ensuremath{\sigma}}_{xy}^{\mathrm{int}}\ensuremath{\sim}276\phantom{\rule{0.28em}{0ex}}{\mathrm{\ensuremath{\Omega}}}^{\ensuremath{-}1}\phantom{\rule{0.16em}{0ex}}\mathrm{c}{\mathrm{m}}^{\ensuremath{-}1}$ but no THE responses. A large THE is realized as ${\ensuremath{\mu}}_{0}H$ is oriented within the $ab$ plane due to a field-induced noncoplanar spin texture with scalar spin chirality. Moreover, room temperature (RT) angle-dependent Hall effect measurements reveal the THE emerges when the field is applied nonparallel to the $c$ axis and it reaches maximal value for ${\ensuremath{\mu}}_{0}H$ when it is tilted close to the $ab$ plane with a canting angle of \ensuremath{\sim}15\ifmmode^\circ\else\textdegree\fi{}, at which large topological Hall conductivity of $\ensuremath{\sim}43\phantom{\rule{0.28em}{0ex}}{\mathrm{\ensuremath{\Omega}}}^{\ensuremath{-}1}\phantom{\rule{0.16em}{0ex}}\mathrm{c}{\mathrm{m}}^{\ensuremath{-}1}$ is detected. Our results demonstrate a RT anisotropic THE and its tunability by the application of a tilted magnetic field in conical-ordered magnets, making a step forward for designing spintronic devices based on THE.",22,1.0966,8,1
https://openalex.org/W2129301844,https://doi.org/10.1143/ptp.124.191,A Method for Systematic Construction of Bell-Like Inequalities and a Proposal of a New Type of Test,2010,article,T10622,Quantum Mechanics and Applications,"The Bell-Clauser-Horne-Shimony-Holt (BCHSH) inequality, which is proven in the context of the local hidden-variable theory, has been used as a test to reveal the failure of the hidden-variable theory and to prove the validity of the quantum theory. We note that the violation of the BCHSH inequality is caused by the noncommutativity of quantum observables and find a systematic method of constructing generalizations of the BCHSH inequality. This method is used to invent a new quantity, which is defined in a two-qubit system and satisfies a new type of inequality. This provides a fair test of the quantum theory. Remaining problems are also discussed.",4,0.6549,2,1
https://openalex.org/W2049437620,https://doi.org/10.1063/1.3475769,Switching of a single propagating plasmon by two quantum dots system,2010,article,T10295,Plasmonic and Surface Plasmon Research,We investigated the scattering property of a single plasmon interacting with two quantum dots coupled to one-dimensional surface plasmonic waveguide. We demonstrated that the transmission of a single plasmon could be switched on or off by adjusting spectral detuning and controlling spatial separation of the two quantum dots. These transport properties of the nanosystem could find the applications in plasmonic nanodevices and quantum information processing.,83,4.7821,5,1
https://openalex.org/W2006592554,https://doi.org/10.1126/science.1159832,Slow Electron Cooling in Colloidal Quantum Dots,2008,article,T10321,Quantum Dots Synthesis And Properties,"Hot electrons in semiconductors lose their energy very quickly (within picoseconds) to lattice vibrations. Slowing this energy loss could prove useful for more efficient photovoltaic or infrared devices. With their well-separated electronic states, quantum dots should display slow relaxation, but other mechanisms have made it difficult to observe. We report slow intraband relaxation (>1 nanosecond) in colloidal quantum dots. The small cadmium selenide (CdSe) dots, with an intraband energy separation of approximately 0.25 electron volts, are capped by an epitaxial zinc selenide (ZnSe) shell. The shell is terminated by a CdSe passivating layer to remove electron traps and is covered by ligands of low infrared absorbance (alkane thiols) at the intraband energy. We found that relaxation is markedly slowed with increasing ZnSe shell thickness.",507,15.1355,2,1
https://openalex.org/W2108347826,https://doi.org/10.1007/s10439-009-9715-0,Investigating Biological Processes at the Single Molecule Level Using Luminescent Quantum Dots,2009,review,T10321,Quantum Dots Synthesis And Properties,,67,5.115,2,2
https://openalex.org/W7442054,https://doi.org/10.1049/el:20050536,High-power singlemode CW operation of 1.5 µm-range quantum dot GaAs-based laser,2005,article,T10022,Semiconductor Quantum Structures and Devices,"Narrow ridge stripe lasers with metamorphic InAs/InGaAs quantum dots grown using molecular beam epitaxy on GaAs substrates emit in the 1.5 µm wavelength range demonstrating a differential quantum efficiency of about 50%, singlemode operation, and maximum continuous-wave power of 220 mW limited by thermal roll-over. Absence of beam filamentation is demonstrated up to the highest power levels studied.",31,5.6877,19,2
https://openalex.org/W4404592027,https://doi.org/10.1149/2162-8777/ad94a1,Synthesizing Carbon Nanodots for Longer Wave Quantum Emission in Biological Applications,2024,article,T11342,Carbon and Quantum Dots Applications,"Carbon quantum dots are activated carbon particles with a size of 1–10 nm that have unique properties such as stable temperature, high stability in the environment, and special chemical properties. Their emission spectrum is always wide and towards long wavelengths with a sharp decrease in intensity. In this work, carbon quantum dots with long emission wavelengths and productivity improvements for biological applications are investigated. In order to reduce the experiments and obtain the best method, the experiment is designed with a mini fever and screened between different factors. In addition, complete factorial screening is performed between three factors (time, OPDA, and ALCL3) and the results demonstrated that time factor and OPDA are more effective. Using a UV–vis fluorescence device, the samples were examined and with the software (Origin Probe), the diagrams of each sample are drawn and their quantum efficiency is recorded. Quantum efficiency is evaluated at 575 nm and 618 nm. Then, the TEM test examined the synthesized nanoparticles’ size. The average particle size synthesized in this project is reported to be about 3 nm. The effect of synthesized carbon quantum dots on fibroblast cells is investigated and the results demonstrated that the survival of these cells after 24 h of incubation with synthesized carbon dots could be more than 90%. As a result, these nanoparticles can be used in biological applications such as bioimaging as a diagnostic sensor for methylene blue. On the other hand, it was found that the nanoparticles synthesized in the presence of HCL have higher strength and wavelength.",0,0.0,3,0
https://openalex.org/W4397010106,https://doi.org/10.7498/aps.73.20240434,"Photovoltaic properties of two-dimensional van der Waals heterostructure Cs&lt;sub&gt;3&lt;/sub&gt;&lt;i&gt;X&lt;/i&gt;&lt;sub&gt;2&lt;/sub&gt;I&lt;sub&gt;9&lt;/sub&gt;/InSe (&lt;i&gt;X&lt;/i&gt; = Bi, Sb)",2024,article,T10275,2D Materials and Applications,"Two-dimensional semiconductor heterostructures have excellent physical properties such as high light absorption coefficients, large diffusion lengths, high carrier mobility rates, and tunable energy band structures, which have great potential in the field of optoelectronic devices. Therefore, designing two-dimensional (2D) semiconductor van der Waals heterostructures is an effective strategy for realizing multifunctional microelectronic devices. In this work, the 2D van der Waals heterostructure Cs&lt;sub&gt;3&lt;/sub&gt;&lt;i&gt;X&lt;/i&gt;&lt;sub&gt;2&lt;/sub&gt;I&lt;sub&gt;9&lt;/sub&gt;/InSe of non-lead Perovskite Cs&lt;sub&gt;3&lt;/sub&gt;&lt;i&gt;X&lt;/i&gt;&lt;sub&gt;2&lt;/sub&gt;I&lt;sub&gt;9&lt;/sub&gt; and indium-tin InSe is constructed to avoid the toxicity and stability problems of lead-based Perovskites. The geometry, electronic structure, and optical properties are calculated based on the first-principles approach of density-functional theory. It is shown that the 2D Cs&lt;sub&gt;3&lt;/sub&gt;Bi&lt;sub&gt;2&lt;/sub&gt;I&lt;sub&gt;9&lt;/sub&gt;/InSe and Cs&lt;sub&gt;3&lt;/sub&gt;Sb&lt;sub&gt;2&lt;/sub&gt;I&lt;sub&gt;9&lt;/sub&gt;/InSe heterostructures are of type-II energy band arrangement and have band gaps of 1.61 eV and 1.19 eV, respectively, with high absorption coefficients in the visible range and UV range reaching to 5×10&lt;sup&gt;5&lt;/sup&gt; cm&lt;sup&gt;–1&lt;/sup&gt;. The calculation results from the deformation potential theory and the hydrogen-like atom model show that the 2D Cs&lt;sub&gt;3&lt;/sub&gt;&lt;i&gt;X&lt;/i&gt;&lt;sub&gt;2&lt;/sub&gt;I&lt;sub&gt;9&lt;/sub&gt;/InSe heterostructure has a high exciton binding energy (~0.7 eV) and electron mobility rate (~700 cm&lt;sup&gt;2&lt;/sup&gt;/(V·s)). The higher light absorption coefficient, carrier mobility, and exciton energy make the 2D Cs&lt;sub&gt;3&lt;/sub&gt;&lt;i&gt;X&lt;/i&gt;&lt;sub&gt;2&lt;/sub&gt;I&lt;sub&gt;9&lt;/sub&gt;/InSe heterostructures suitable for photoluminescent devices. However, the energy band structure based on the Shockley-Queisser limit and type-II arrangement shows that the intrinsic photoelectric conversion efficiency (PCE) of the 2D Cs&lt;sub&gt;3&lt;/sub&gt;&lt;i&gt;X&lt;/i&gt;&lt;sub&gt;2&lt;/sub&gt;I&lt;sub&gt;9&lt;/sub&gt;/InSe heterostructure is only about 1.4%, which is not suitable for photovoltaic solar energy. In addition, the modulation and its effect of biaxial strain on the photovoltaic properties of 2D Cs&lt;sub&gt;3&lt;/sub&gt;&lt;i&gt;X&lt;/i&gt;&lt;sub&gt;2&lt;/sub&gt;I&lt;sub&gt;9&lt;/sub&gt;/InSe heterostructures are further investigated. The results show that biaxial strain can improve the visible absorption coefficient of 2D Cs&lt;sub&gt;3&lt;/sub&gt;&lt;i&gt;X&lt;/i&gt;&lt;sub&gt;2&lt;/sub&gt;I&lt;sub&gt;9&lt;/sub&gt;/InSe heterostructure, but cannot effectively improve its energy band structure, and the PCE only increases to 3.3% at –5% biaxial strain. The above study provides a theoretical basis for designing efficient 2D van der Waals optoelectronic devices in future.",0,0.0,8,0
https://openalex.org/W1556667329,https://doi.org/10.1103/physrevlett.99.037401,Stabilization of the Electron-Nuclear Spin Orientation in Quantum Dots by the Nuclear Quadrupole Interaction,2007,article,T10382,Quantum and electron transport phenomena,"The nuclear quadrupole interaction eliminates the restrictions imposed by hyperfine interaction on the spin coherence of an electron and nuclei in a quantum dot. The strain-induced nuclear quadrupole interaction suppresses the nuclear spin flip and makes possible the zero-field dynamic nuclear polarization in self-organized InP/InGaP quantum dots. The direction of the effective nuclear magnetic field is fixed in space, thus quenching the magnetic depolarization of the electron spin in the quantum dot. The quadrupole interaction suppresses the zero-field electron spin decoherence also for the case of nonpolarized nuclei. These results provide a new vision of the role of the nuclear quadrupole interaction in nanostructures: it elongates the spin memory of the electron-nuclear system.",78,4.7848,2,1
https://openalex.org/W2981496328,https://doi.org/10.1103/physrevb.100.144435,Formation of Néel-type skyrmions in an antidot lattice with perpendicular magnetic anisotropy,2019,article,T10049,Magnetic properties of thin films,"Magnetic skyrmions are particlelike chiral spin textures found in magnetic films with out-of-plane anisotropy and are considered to be potential candidates as information carriers in next generation data storage devices. Despite intense research into the nature of skyrmions and their dynamic properties, there are several key challenges that still need to be addressed. In particular, the outstanding issues are the reproducible generation, stabilization, and confinement of skyrmions at room temperature. Here, we present a method for the capture of magnetic skyrmions in an array of defects in the form of an antidot lattice. We find that inhomogeneity in the total effective field produced by the antidot lattice is important for the formation of skyrmions which are mainly stabilized by the dipolar interaction. With micromagnetic simulations and scanning transmission x-ray microscopy we elucidate that the formation of skyrmions within the antidot lattice depends on the lattice constant and that, below a certain lattice constant, the skyrmion formation is suppressed. Based on our results we propose that, by varying the lattice constant, we can modify the probability of skyrmion formation in different parts of a sample by specific patterning. This provides another platform for experimental investigations of skyrmions and skyrmion-based devices.",31,3.0039,11,6
https://openalex.org/W3101133961,https://doi.org/10.5167/uzh-72326,Experimental tests for macroscopic phase coherence in magnetic-quasiparticle condensates of insulating spin systems,2012,article,T10425,Cold Atom Physics and Bose-Einstein Condensates,"For most kinds of already known Bose-Einstein condensates experimental evidence for the existence of a macroscopic coherent quantum state has been provided, e.g., from the observation of interference phenomena, the formation vortices, the detection of Josephson effects, or even by the manifestation of superfluid behaviour. However, none of these hallmarks for a true, macroscopic phase-coherent state has ever been reported for any insulating spin system in a solid in which magnetic bosonic quasiparticles are thought to condense close to a quantum critical point. We describe an attempt to detect superfluid behaviour in TlCuCl3, and discuss in more detail a proposal for an experiment in which the a.c. Josephson effect can be probed by using a device composed of two weakly coupled magnetic insulators with different critical fields. We conclude that the detection of the a.c. Josephson effect is feasible for a proper choice of compounds with realistic material parameters.",1,0.0,3,1
https://openalex.org/W2950232610,,Temperature dependence of energy transfer dynamics between semiconductor quantum dots II,2018,article,T10022,Semiconductor Quantum Structures and Devices,,0,0.0,3,1
https://openalex.org/W2609664184,https://doi.org/10.1016/j.aop.2018.02.016,Lattice field theory simulations of Dirac semimetals,2018,article,T10657,Topological Materials and Phenomena,,7,1.1118,3,2
https://openalex.org/W2107636694,https://doi.org/10.1002/adma.201200187,Controlling Bulk Conductivity in Topological Insulators: Key Role of Anti‐Site Defects,2012,article,T10657,Topological Materials and Phenomena,"Intrinsic topological insulators are realized by alloying Bi(2)Te(3) with Bi(2)Se(3). Angle-resolved photoemission and bulk transport measurements reveal that the Fermi level is readily tuned into the bulk bandgap. First-principles calculations of the native defect landscape highlight the key role of anti-site defects for achieving this, and predict optimal growth conditions to realize maximally resistive topological insulators.",301,14.2433,8,1
https://openalex.org/W2240272463,,"Superconducting qubits with adjustable coupling, Part II: Fast two-qubit gates",2014,article,T10382,Quantum and electron transport phenomena,,0,0.0,20,0
https://openalex.org/W3080248532,,Superconductor-insulator transition in dual-gated bilayer-graphene proximity Josephson junction,2018,article,T10037,Physics of Superconductivity and Magnetism,,0,,1,0
https://openalex.org/W2977499614,https://doi.org/10.1016/j.colsurfb.2019.110543,Bottom-up synthesis of nitrogen and oxygen co-decorated carbon quantum dots with enhanced DNA plasmid expression,2019,article,T11342,Carbon and Quantum Dots Applications,,44,1.4686,10,2
https://openalex.org/W2058663046,https://doi.org/10.1364/josab.31.001991,Kerr effect in Y-configuration double-quantum-dot system,2014,article,T11414,Quantum optics and atomic interactions,"We have introduced a Y-configuration model from the double-quantum-dot (QD) system to study third-order Kerr nonlinearity based on the density-matrix method. Inhomogeneity in QDs has been included in the calculations of the real (Kerr) and imaginary (absorption) parts of the density matrix, which has not been covered in the earlier Kerr calculations. Our system exhibits high controllability with a single parameter. Giant Kerr dispersion, propagation without distortion, wide electromagnetic-induced transparency, and switching between subluminal to superluminal propagation are obtained by tuning its fields. Controlling and cycling fields can also control the system in addition to the pump field.",38,2.6081,3,1
https://openalex.org/W4309038720,https://doi.org/10.1088/1612-202x/aca02c,Quantum memory based on SiV-centers in nanodiamonds,2022,article,T10478,Diamond and Carbon-based Materials Research,"Abstract Recently, the possibility of implementing a cavity-enhanced off-resonant Raman quantum memory in an ensemble of silicon-vacancy centers in diamond has been studied (Kalachev et al 2019 Laser Phys. 29 104001). It was shown that the signal-to-noise ratio can significantly exceed unity for short single-photon input pulses if the orbital level splitting in the ground state of the color centers is significantly enhanced by strain. The latter results in decreasing the coherence time between the two available orbital branches of the ground state, though. In the present work, we consider the possibility of increasing the storage time due to the use of nanodiamonds. It is shown that suppression of direct electron-phonon transitions in the diamond nanocrystals makes it possible to increase the coherence time of both orbital and spin qubits by orders of magnitude.",9,0.5184,3,0
https://openalex.org/W2152563933,https://doi.org/10.1109/cleo.2008.4551185,Threshold current reduction and electrical modulation of degree of circular polarization in InAs/GaAs quantum dot spin-VCSELs,2008,article,T10022,Semiconductor Quantum Structures and Devices,Threshold current reduction and polarization modulation of an electrically injected spin-polarized VCSEL operating at 200 K have been investigated experimentally and theoretically.,0,0.0,5,1
https://openalex.org/W3134431001,https://doi.org/10.1002/adfm.202010234,Plasmonic Modulation of Valleytronic Emission in Two‐Dimensional Transition Metal Dichalcogenides,2021,article,T10275,2D Materials and Applications,"Abstract Monolayered transition metal dichalcogenides (TMDs) are one kind of hexagonal 2D semiconductors with a direct bandgap structure. Due to the property of natural broken inversion symmetry in the lattice, the strong spin–orbit coupling of electrons in TMDs can induce degenerate levels with antiparallel spins in K and K′ valleys, which selectively respond with external light excitations. Surface plasmon resonance with efficient electromagnetic enhancement and near‐field coupling provides excellent potential opportunities to modulate valley emission of TMDs. Efforts have been devoted to investigating the interaction principles and applications of this research field. This review focuses on plasmonic modulation of valleytronic emission in TMDs with surface plasmon polaritons (SPP) and localized surface plasmons (LSP) based on different modulation principles, respectively, and discusses possible research directions for future device applications.",39,2.4028,9,3
https://openalex.org/W2526813658,,Synthesis and Characterization of a New Sensitizing Dye and Quantum Dots,2011,article,T12302,Advanced Nanomaterials in Catalysis,,0,0.0,1,0
https://openalex.org/W4379260253,https://doi.org/10.1002/apxr.202300026,Tunable Quantum Anomalous Hall Gap in Compressed Graphene/CrI<sub>3</sub> van der Waals Heterostructures,2023,article,T10083,Graphene research and applications,"Abstract Two‐dimensional magnetic heterostructures have attracted special attention due to their potential applications in fundamental physics and spintronics. Here, the magnetic and electronic properties of the van der Waals heterostructure formed by graphene and CrI 3 is investigated. The first‐principles calculations show that the spin‐polarized electron density of graphene sensitively depends on the charge transfer between graphene and CrI 3 , which can be modulated by applying an electric field. However, the spin‐polarized density exhibits a non‐monotonic change with electric field due to the unstable charge distribution between graphene and CrI 3 . When the interface distance is compressed by 1.1 Å, the enhanced interaction between graphene and CrI 3 stabilizes the charge distribution. As a result, the quantum anomalous Hall gap increases from 6 to 22 meV with an external electric field in the compressed heterostructure. In addition, halogen ligands play an important role in the interaction between Cr atoms and graphene and can regulate the range of spin‐polarized density.",8,0.7469,4,1
https://openalex.org/W2058822565,https://doi.org/10.1103/physrevb.77.075318,"Spin relaxation due to the Bir-Aronov-Pikus mechanism in intrinsic and<mml:math xmlns:mml=""http://www.w3.org/1998/Math/MathML"" display=""inline""><mml:mi>p</mml:mi></mml:math>-type GaAs quantum wells from a fully microscopic approach",2008,article,T10382,Quantum and electron transport phenomena,"We study the electron spin relaxation in intrinsic and $p$-type (001) GaAs quantum wells by constructing and numerically solving the kinetic spin Bloch equations. All the relevant scatterings are explicitly included, especially the spin-flip electron-heavy-hole exchange scattering which leads to the Bir-Aronov-Pikus spin relaxation. We show that, due to the neglection of the nonlinear terms in the electron-heavy-hole exchange scattering in the Fermi-golden-rule approach, the spin relaxation due to the Bir-Aronov-Pikus mechanism is greatly exaggerated at moderately high electron density and low temperature in the literature. We compare the spin relaxation time due to the Bir-Aronov-Pikus mechanism with that due to the D'yakonov-Perel' mechanism which is also calculated from the kinetic spin Bloch equations with all the scatterings, especially the spin-conserving electron-electron and electron-heavy-hole scatterings, included. We find that, in intrinsic quantum wells, the effect from the Bir-Aronov-Pikus mechanism is much smaller than that from the D'yakonov-Perel' mechanism at low temperature, and it is smaller by no more than 1 order of magnitude at high temperature. In $p$-type quantum wells, the spin relaxation due to the Bir-Aronov-Pikus mechanism is also much smaller than the one due to the D'yakonov-Perel' mechanism at low temperature and becomes comparable to each other at higher temperature when the hole density and the width of the quantum well are large enough. We claim that unlike in the bulk samples, which still require reexamination, the Bir-Aronov-Pikus mechanism hardly dominates the spin relaxation in two-dimensional samples.",37,5.6297,2,1
https://openalex.org/W2083761532,https://doi.org/10.1016/j.physb.2014.04.051,Numerical investigation of the postgrowth intermixing effects on the optical properties of InAs/GaAs quantum dots,2014,article,T10022,Semiconductor Quantum Structures and Devices,,5,0.2197,5,2
https://openalex.org/W4324291225,https://doi.org/10.1109/tasc.2023.3257119,"Design Rules for Resistors, Capacitors and Inductors Fabricated From Single Layer Y-Ba-Cu-O Thin Films With Focused Helium Ion Beam Irradiation",2023,article,T10037,Physics of Superconductivity and Magnetism,"Yttrium barium copper oxide (YBa <sub xmlns:mml=""http://www.w3.org/1998/Math/MathML"" xmlns:xlink=""http://www.w3.org/1999/xlink"">2</sub> Cu <sub xmlns:mml=""http://www.w3.org/1998/Math/MathML"" xmlns:xlink=""http://www.w3.org/1999/xlink"">3</sub> O <sub xmlns:mml=""http://www.w3.org/1998/Math/MathML"" xmlns:xlink=""http://www.w3.org/1999/xlink"">7-<inline-formula><tex-math notation=""LaTeX"">$\delta$</tex-math></inline-formula></sub> or YBCO) Josephson junctions fabricated using focused helium gas field ion sources show great promise for high transition temperature superconducting electronics. A unique feature of this technology is that it can also be utilized for the fabrication of resistors, capacitors and inductors in the same material and process step. The key to this method is that the electrical resistivity of high critical temperature superconductors is very sensitive to ion irradiation. The ions introduce disorder into the material which causes it to undergo a metal-to-insulator transition. By carefully controlling the position of the beam and ion dose delivered to the material, insulating pathways and reduced critical temperature metallic regions can be fabricated to construct the aforementioned passive components. We have prepared this manuscript to serve as a guide for circuit designers utilizing this process. We discuss the capabilities and limitations of helium ion beam lithographic patterning of YBCO and estimate the practical ranges of the values that can be obtained for resistors, capacitors and inductors in single layer thin films. Estimates are provided for two processes: one with the highest resolution with the smallest beam diameter (0.5 nm) and another based on the highest source current (100 pA) for fastest write time.",3,0.5559,2,1
https://openalex.org/W1520443063,https://doi.org/10.1103/physrevb.70.125321,Topological spin pumps:  The effect of spin rotation on quantum pumps,2004,article,T10382,Quantum and electron transport phenomena,"We have established semiclassical kinetic equations for various spin-correlated pumping phenomena incorporating adiabatic spin rotation in wave functions. We employ this technique to study topological pumps and illustrate spin pumping in a few models where various spin configurations or topological motors drive adiabatic pumps. In the Rashba model we find that a topological spin pump is driven by a meron with positive one-half Skyrmion charge, the size of which can be controlled by external applied gates or Zeeman fields. In the Dresselhaus model on the other hand, electron spins are pumped out by a negative meron. We examine the effects of Zeeman fields on topological spin pumping and responses of Fermi seas in various topological pumps. The phenomena of topological pumping are attributed to the beam splitting of electrons in the presence of spin rotation, or topological Stern-Gerlach splitting, and occur in a transverse direction along which charge-pumping currents might either vanish or are negligible. The transport equations established here might also be applied to the studies of anomalous Hall effect and spin-Hall effect as demonstrated in one of the appendixes. All results are obtained in an adiabatic expansion.",22,3.0561,1,1
https://openalex.org/W4367681295,https://doi.org/10.1021/acsphotonics.3c00280,Direct Assessment of Auger Recombination Rates of Charged Excitons <i>via</i> Opto-Electrical Measurements,2023,article,T10321,Quantum Dots Synthesis And Properties,"Auger recombination (AR), whereby the electron–hole recombination energy is transferred to a third charge carrier, prevails in nanocrystal quantum dots (QDs) and governs the performance of QD-based devices including light-emitting diodes and lasers. Thus, precise AR evaluation of QDs is essential for understanding and improving the characteristics of such applications. So far, conventional charging approaches, such as the stir-versus-static method, photochemistry, or electrochemistry, have been able to assess the AR decay rate of either positively (two holes and one electron, X+) or negatively (one hole and two electrons, X–) charged excitons, and the decay dynamics of the other type of charged exciton is presumably estimated by the superposition principle of the biexciton Auger process. Herein, we demonstrate an opto-electrical method that enables us to precisely assess AR rates of X+ and X– in core/shell heterostructured QDs. Specifically, we devise electron-only devices and hole-only devices to inject extra charge carriers into QDs without unwanted side reactions or degradation of QDs and probe AR characteristics of these charged QDs via time-resolved photoluminescence measurements. We find that AR rates of charged excitons, both X+ and X–, gained from the present method agree well with those attained from conventional approaches and the superposition principle, corroborating the validity of the present approach. This present method permits us to comprehend multicarrier dynamics in QDs, prompting the use of QDs in light-emitting diodes and laser devices based on QDs.",9,0.8402,13,2
https://openalex.org/W2069056451,https://doi.org/10.1021/jz302067r,Engineered CuInSe<sub><i>x</i></sub>S<sub>2–<i>x</i></sub> Quantum Dots for Sensitized Solar Cells,2013,article,T10321,Quantum Dots Synthesis And Properties,"Colloidal CuInSexS2-x quantum dots (QDs) are an attractive less-toxic alternative to PbX and CdX (X = S, Se, and Te) QDs for solution-processed semiconductor devices. This relatively new class of QD materials is particularly suited to serving as an absorber in photovoltaics, owing to its high absorption coefficient and near-optimal and finely tunable band gap. Here, we engineer CuInSexS2-x QD sensitizers for enhanced performance of QD-sensitized TiO2 solar cells (QDSSCs). Our QD synthesis employs 1-dodecanethiol (DDT) as a low-cost solvent, which also serves as a ligand, and a sulfur precursor; addition of triakylphosphine selenide leads to incorporation of controlled amounts of selenium, reducing the band gap compared to that of pure CuInS2 QDs. This enables significantly higher photocurrent in the near-infrared (IR) region of the solar spectrum without sacrificing photovoltage. In order to passivate QD surface recombination centers, we perform a surface-cation exchange with Cd prior to sensitization, which enhances chemical stability and leads to a further increase in photocurrent. We use the synthesized QDs to demonstrate proof-of-concept QDSSCs with up to 3.5% power conversion efficiency.",170,11.1871,4,1
https://openalex.org/W2057317134,https://doi.org/10.1103/physrevb.68.165327,"Ordering effects on optical transitions in<mml:math xmlns:mml=""http://www.w3.org/1998/Math/MathML"" display=""inline""><mml:mrow><mml:msub><mml:mrow><mml:mi mathvariant=""normal"">Ga</mml:mi></mml:mrow><mml:mrow><mml:mi>x</mml:mi></mml:mrow></mml:msub></mml:mrow><mml:mrow><mml:msub><mml:mrow><mml:mi mathvariant=""normal"">In</mml:mi></mml:mrow><mml:mrow><mml:mn>1</mml:mn><mml:mi>−</mml:mi><mml:mi>x</mml:mi></mml:mrow></mml:msub></mml:mrow><mml:mi mathvariant=""normal"">P</mml:mi><mml:mo>/</mml:mo><mml:mo>(</mml:mo><mml:mrow><mml:msub><mml:mrow><mml:mi mathvariant=""normal"">Al</mml:mi></mml:mrow><mml:mrow><mml:mn>0.66</mml:mn></mml:mrow></mml:msub></mml:mrow><mml:mrow><mml:msub><mml:mrow><mml:mi mathvariant=""normal"">Ga</mml:mi></mml:mrow><mml:mrow><mml:mn>0.34</mml:mn></mml:mrow></mml:msub></mml:mrow><mml:mrow><mml:msub><mml:mrow><mml:mo>)</mml:mo></mml:mrow><mml:mrow><mml:mi>y</mml:mi></mml:mrow></mml:msub></mml:mrow><mml:mrow><mml:msub><mml:mrow><mml:mi mathvariant=""normal"">In</mml:mi></mml:mrow><mml:mrow><mml:mn>1</mml:mn><mml:mi>−</mml:mi><mml:mi>y</mml:mi></mml:mrow></mml:msub></mml:mrow><mml:mi mathvariant=""normal"">P</mml:mi></mml:math>quantum wells studied by photoluminescence and reflectivity spectroscopy",2003,article,T10022,Semiconductor Quantum Structures and Devices,"Optical transitions are investigated systematically by excitation-density dependent photoluminescence (PL), magneto-PL, and reflectivity spectroscopies in ordered ${\mathrm{Ga}}_{x}{\mathrm{In}}_{1\ensuremath{-}x}\mathrm{P}/({\mathrm{Al}}_{0.66}{\mathrm{Ga}}_{0.34}{)}_{y}{\mathrm{In}}_{1\ensuremath{-}y}\mathrm{P}$ quantum-well (QW) structures with different strain, substrate orientation, and capping layer. Blueshift and narrowing of the PL peak are observed as the excitation density increases in the range of $\ensuremath{\lesssim}40\mathrm{W}/{\mathrm{cm}}^{2}$ and approach nearly constant values as the excitation gets higher. They are affected by strain, substrate and doping of the capping layer. A larger blueshift corresponds to a larger stable line width of the PL peak measured at a high excitation level. In the magneto-PL measurements, the excitonic feature of the PL transition is clearly identified. The Stokes shift of the first peak in the reflectivity spectrum relative to the corresponding PL peak is also affected by strain, substrate misorientation, and doping of the capping layer. With the observations, (i) the assumptions are checked to be unreasonable of the spatially type-II band alignment and the band-tail states in the case of QW's. (ii) The existence of domain distribution and order-induced piezoelectric field is verified and the scattering of the domain distribution $(\ensuremath{\Delta}\ensuremath{\eta})$ and the magnitude of the piezoelectric field ${(e}_{\mathrm{pe},\ensuremath{\perp}})$ are estimated. (iii) The $\ensuremath{\Delta}\ensuremath{\eta}$ is obviously larger in the QW's than that determined previously in ${\mathrm{GaInP}}_{2}$ bulk alloy. It takes a large value for the sample with (001) GaAs substrate and a small value for that with $6\ifmmode^\circ\else\textdegree\fi{}$ off toward $[111{]}_{B}$ misaligned (001) GaAs substrate. (iv) The ${e}_{\mathrm{pe},\ensuremath{\perp}}$ is significantly smaller in the QW's than the theoretical prediction for the ${\mathrm{GaInP}}_{2}$ bulk alloy. It is relatively high for the sample with the (001) GaAs substrate, and is obviously enhanced by the Zn-doped GaP capping layer. The results clarify that the optical transitions can be well interpreted with the combination of the $\ensuremath{\Delta}\ensuremath{\eta}$ and ${e}_{\mathrm{pe},\ensuremath{\perp}}$ in the QW's. A model is hence established in understanding the optical phenomena based on the concepts of the domain distribution and the piezoelectric field.",28,1.2584,5,2
https://openalex.org/W2929852464,https://doi.org/10.1088/1742-6596/1186/1/012016,Interaction of solitons with a qubit in an anisotropic Heisenberg spin chain,2019,article,T11414,Quantum optics and atomic interactions,"The interaction between solitons, propagating in a magnetic chain, with a qubit is studied. The spin chain is described by the Heisenberg model in a nearest-neighbour approximation with anisotropy. The quantum bit (qubit) is modeled by a two level quantum system. The equation for the evolution of the qubit is obtained. The role of the parameters of the soliton for the quantum bit dynamics is investigated. The results are analyzed using a geometrical representation for the qubit as a Bloch sphere.",1,0.1509,3,1
https://openalex.org/W1986330526,https://doi.org/10.1007/s11664-007-0258-6,"Microstructural Aspects of Nucleation and Growth of (In,Ga)As-GaAs(001) Islands with Low Indium Content",2007,article,T10022,Semiconductor Quantum Structures and Devices,,4,0.7553,8,2
https://openalex.org/W2521135003,https://doi.org/10.1117/12.2236957,Type II GaSb/GaAs quantum rings with extended photoresponse for efficient solar cells,2016,article,T10022,Semiconductor Quantum Structures and Devices,"The introduction of GaSb quantum dots (QDs) within a GaAs single junction solar cell is attracting increasing interest as a means of absorbing long wavelength photons to extend the photoresponse and increase the short-circuit current. The band alignment in this system is type-II, such that holes are localized within the GaSb QDs but there is no electron confinement. Compared to InAs QDs this produces a red-shift of the photoresponse which could increase the short-circuit current and improve carrier extraction. GaSb nanostructures grown by molecular beam epitaxy (MBE) tend to preferentially form quantum rings (QRs) which are less strained and contain fewer defects than the GaSb QDs, which means that they are more suitable for dense stacking in the active region of a solar cell to reduce the accumulation of internal strain and enhance light absorption. Here, we report the growth and fabrication of GaAs based p-i-n solar cells containing ten layers of GaSb QRs. They show extended long wavelength photoresponse into the near-IR up to 1400 nm and enhanced short-circuit current compared to the GaAs control cell due to absorption of low energy photons. Although enhancement of the short-circuit current was observed, the thermionic emission of holes was found to be insufficient for ideal operation at room temperature.",1,0.0,8,3
https://openalex.org/W3114512650,https://doi.org/10.3390/e23010081,Time-Rescaling of Dirac Dynamics: Shortcuts to Adiabaticity in Ion Traps and Weyl Semimetals,2021,article,T11262,Quantum Mechanics and Non-Hermitian Physics,"Only very recently, rescaling time has been recognized as a way to achieve adiabatic dynamics in fast processes. The advantage of time-rescaling over other shortcuts to adiabaticity is that it does not depend on the eigenspectrum and eigenstates of the Hamiltonian. However, time-rescaling requires that the original dynamics are adiabatic, and in the rescaled time frame, the Hamiltonian exhibits non-trivial time-dependence. In this work, we show how time-rescaling can be applied to Dirac dynamics, and we show that all time-dependence can be absorbed into the effective potentials through a judiciously chosen unitary transformation. This is demonstrated for two experimentally relevant scenarios, namely for ion traps and adiabatic creation of Weyl points.",16,1.7955,2,2
https://openalex.org/W1987887925,https://doi.org/10.1143/jjap.49.105202,Thermal Rectification Effects of Multiple Semiconductor Quantum Dot Junctions,2010,article,T10382,Quantum and electron transport phenomena,"On the basis of the multiple-energy-level Anderson model, we theoretically study the thermoelectric effects of semiconductor quantum dots (QDs) in the nonlinear response regime. The charge and heat currents in the sequential tunneling process are calculated by Keldysh Green's function technique. The thermal rectification effect can be observed for such a multiple QD junction system, whereas the rectification efficiency is significantly affected by the tunneling rate, size fluctuation, and location distribution of QDs. We also find that the charge current rectification with respect to temperature bias can be observed.",3,0.2183,1,1
https://openalex.org/W2799992111,,Quantum plasmonics with nitrogen-vacancy centers in diamond,2018,article,T10478,Diamond and Carbon-based Materials Research,,0,0.0,1,0
https://openalex.org/W1992009715,https://doi.org/10.1103/physrevb.74.155315,Quantum theory of luminescence in multiple-quantum-well Bragg structures,2006,article,T10022,Semiconductor Quantum Structures and Devices,"The quantum emission in radiatively coupled semiconductor multiple-quantum-well structures is investigated theoretically. It is shown that coupling effects can lead to a subradiant suppression of the emission compared to the emission of a single quantum well (QW). The suppression strength depends on the number and spacing of the QWs as well as on the homogeneous broadening and leads to an enhancement of the radiative lifetime of excitons in the structure. The strongest lifetime enhancement is found for Bragg-arranged QWs with small homogeneous broadening. Additionally, the radiative coupling between the QWs provides an exciton pumping mechanism such that excitons can directly be created into the state that has vanishing center-of-mass momentum.",9,1.2762,5,1
https://openalex.org/W2549909351,https://doi.org/10.3866/pku.whxb201603014,Effect of Preparation Conditions on the Optical Properties of PEI-Functionalized Graphene Quantum Dots,2016,article,T11342,Carbon and Quantum Dots Applications,,5,0.0,2,0
https://openalex.org/W2120092961,https://doi.org/10.1101/pdb.prot078196,Tracking Individual Membrane Proteins Using Quantum Dots,2013,article,T10321,Quantum Dots Synthesis And Properties,"Single-particle tracking of individual membrane molecules is now the method of choice to decipher the molecular organization of the plasma membrane. By labeling proteins or lipids with latex beads, 40-nm gold nanoparticles, or small organic fluorophores, it is possible to analyze the mechanisms controlling their lateral dynamics. Semiconductor quantum dots (QDs) provide several advantages for tracking membrane molecules: (1) Their size, which is intermediate between those of organic dyes (1-4 nm) and large beads (100 nm to 1 µm), remains close to the molecular scale; (2) their photostability allows observation over long durations; (3) parallel detection of multiple spots in a field of view is easy; and (4) multicolor imaging is facilitated by their absorption properties. In general, the labeling of membrane molecules is based on the targeting of an extracellular epitope by a tagged antibody or ligand. By progressively decreasing the concentration of markers, a regime is reached where isolated tags can be detected and tracked. We present here a protocol based on the successive use of biotinylated primary antibodies and streptavidin-coated QDs.",5,,2,0
https://openalex.org/W4392643953,https://doi.org/10.1103/physrevb.109.115413,Magnetically controlled topological braiding with Majorana corner states in second-order topological superconductors,2024,article,T10657,Topological Materials and Phenomena,"We theoretically investigate the electronic properties of finite-sized (e.g., triangular and diamond-shaped) Kane-Mele-type topological insulator nanoflakes on top of an $s$-wave superconductor. We find that the second-order topological superconductor can be generated when the magnetism is only applied on the system boundaries, which host two Majorana corner states located at the corners of two neighboring boundaries. By tuning the applied boundary magnetism, we observe that two isolated Majorana corner states can be adiabatically moved along the system boundaries. Furthermore, we show the possibility of performing topological quantum braiding of the Majorana corner states towards the far-reaching implications of quantum information and quantum computation.",13,4.106,5,1
https://openalex.org/W2320895058,https://doi.org/10.1103/physrevb.93.125426,"Negative magnetoresistance temperature dependence induced by current-pumped nuclear spin polarization at the<mml:math xmlns:mml=""http://www.w3.org/1998/Math/MathML""><mml:mrow><mml:mi>ν</mml:mi><mml:mo>=</mml:mo><mml:mfrac><mml:mn>2</mml:mn><mml:mn>3</mml:mn></mml:mfrac></mml:mrow></mml:math>quantum Hall state",2016,article,T10382,Quantum and electron transport phenomena,We investigate the huge longitudinal resistance (HLR) at which the magnetoresistance of the $\ensuremath{\nu}=\frac{2}{3}$ fractional quantum Hall state (QHS) is increased with dynamic nuclear spin polarization. We measure the magnetoresistance temperature dependence in the resistively saturated HLR by increasing the temperature of the sample rapidly in order to prevent relaxation of the nuclear spin polarization. The obtained results indicate that the magnetoresistance decreases as the temperature increases. The Hall resistance in the HLR is also measured and found to exhibit a plateau close to a quantized value. We discuss the negative magnetoresistance temperature dependence with a stripe-shaped domain state deformed by the nuclear spin polarization.,2,0.217,5,1
https://openalex.org/W4385666732,https://doi.org/10.1103/physrevb.108.075120,Finite-temperature second harmonic generation in Kitaev magnets,2023,article,T11682,Advanced Condensed Matter Physics,"We study electric-field-induced second harmonic generation (SHG) in the Kitaev model. This frustrated magnet hosts a quantum spin liquid, featuring fractionalization in terms of mobile Majorana fermion and static ${\mathbb{Z}}_{2}$ flux-vison elementary excitations. We show that finite-temperature SHG allows to probe characteristic features of both fractional quasiparticle types. In the homogeneous flux state at low temperatures, the SHG susceptibility displays an oscillatory spectrum, which is set by only the fermionic excitations and is subject to temperature-induced Fermi blocking, generic to all higher harmonic generation (HHG). In the intermediate to high-temperature range, intrinsic randomness, which emerges from thermally excited visons leads to drastic changes of the SHG susceptibility, resulting from resonance decoupling over a wide range of energies. At the flux proliferation crossover, we suggest an interpolation between these two temperature regimes. Our results satisfy previously established symmetries for electric-field-induced SHG in Kitaev magnets.",5,0.9158,2,2
https://openalex.org/W1987469081,https://doi.org/10.1016/j.materresbull.2012.11.100,"Controllable synthesis, growth mechanism and optical properties of the ZnSe quantum dots and nanoparticles with different crystalline phases",2012,article,T10321,Quantum Dots Synthesis And Properties,,16,0.7513,8,1
https://openalex.org/W7146623492,,Silicon quantum dot devices for spin-based quantum computing,2020,article,T10382,Quantum and electron transport phenomena,,0,0.0,2,0
https://openalex.org/W2038687322,https://doi.org/10.1103/physrevb.72.235201,Electron spin-echo relaxation and envelope modulation of shallow phosphorus donors in silicon,2005,article,T10382,Quantum and electron transport phenomena,"Spins of single donor atoms are attractive candidates for large scale quantum information processing in silicon, since quantum computation can be realized through the manipulation of electron and/or nuclear spins. In this paper we report on two-pulse electron spin-echo experiments on phosphorus shallow donors in natural and $^{28}\mathrm{Si}$-enriched silicon epilayers doped with ${10}^{16}\phantom{\rule{0.3em}{0ex}}{\mathrm{cm}}^{\ensuremath{-}3}$ P donors. The experiments address the spin-spin relaxation times and mechanisms and provide, through the electron spin-echo envelope modulation (ESEEM) effect, information on the donor electron wave function. Experiments performed as a function of the pulse turning angle allowed us to measure the exponential relaxation and spectral diffusion times depurated by instantaneous diffusion. According to these results, isotopically purified samples are necessary to reduce the spectral diffusion contribution and the P shallow donors concentration plays a fundamental role in determining the intrinsic phase memory time. ESEEM peaks have been assigned to hyperfine-coupled silicon-29 nuclei at specific crystallographic positions on the basis of a spectral fit procedure including instrumental distortions.",23,1.2227,4,2
https://openalex.org/W3194221433,https://doi.org/10.1364/ol.436317,Full-color micro-LED display based on a single chip with two types of InGaN/GaN MQWs,2021,article,T10099,GaN-based semiconductor devices and materials,"In this Letter, we have successfully realized the full-color micro-LED display on a single-chip utilizing multi-wavelength multi-quantum wells (MQWs). The epitaxial wafer used for micro-LED array chips is designed with two types of MQWs including <mml:math xmlns:mml=""http://www.w3.org/1998/Math/MathML"" display=""inline""> <mml:mrow class=""MJX-TeXAtom-ORD""> <mml:msub> <mml:mrow class=""MJX-TeXAtom-ORD""> <mml:mi mathvariant=""normal"">I</mml:mi> <mml:mi mathvariant=""normal"">n</mml:mi> </mml:mrow> <mml:mrow class=""MJX-TeXAtom-ORD""> <mml:mn>0.1</mml:mn> </mml:mrow> </mml:msub> </mml:mrow> <mml:mrow class=""MJX-TeXAtom-ORD""> <mml:msub> <mml:mrow class=""MJX-TeXAtom-ORD""> <mml:mi mathvariant=""normal"">G</mml:mi> <mml:mi mathvariant=""normal"">a</mml:mi> </mml:mrow> <mml:mrow class=""MJX-TeXAtom-ORD""> <mml:mn>0.9</mml:mn> </mml:mrow> </mml:msub> </mml:mrow> <mml:mrow class=""MJX-TeXAtom-ORD""> <mml:mi mathvariant=""normal"">N</mml:mi> <mml:mrow class=""MJX-TeXAtom-ORD""> <mml:mo>/</mml:mo> </mml:mrow> <mml:mi mathvariant=""normal"">G</mml:mi> <mml:mi mathvariant=""normal"">a</mml:mi> <mml:mi mathvariant=""normal"">N</mml:mi> </mml:mrow> </mml:math> and <mml:math xmlns:mml=""http://www.w3.org/1998/Math/MathML"" display=""inline""> <mml:mrow class=""MJX-TeXAtom-ORD""> <mml:msub> <mml:mrow class=""MJX-TeXAtom-ORD""> <mml:mi mathvariant=""normal"">I</mml:mi> <mml:mi mathvariant=""normal"">n</mml:mi> </mml:mrow> <mml:mrow class=""MJX-TeXAtom-ORD""> <mml:mn>0.55</mml:mn> </mml:mrow> </mml:msub> </mml:mrow> <mml:mrow class=""MJX-TeXAtom-ORD""> <mml:msub> <mml:mrow class=""MJX-TeXAtom-ORD""> <mml:mi mathvariant=""normal"">G</mml:mi> <mml:mi mathvariant=""normal"">a</mml:mi> </mml:mrow> <mml:mrow class=""MJX-TeXAtom-ORD""> <mml:mn>0.45</mml:mn> </mml:mrow> </mml:msub> </mml:mrow> <mml:mrow class=""MJX-TeXAtom-ORD""> <mml:mi mathvariant=""normal"">N</mml:mi> <mml:mrow class=""MJX-TeXAtom-ORD""> <mml:mo>/</mml:mo> </mml:mrow> <mml:mi mathvariant=""normal"">G</mml:mi> <mml:mi mathvariant=""normal"">a</mml:mi> <mml:mi mathvariant=""normal"">N</mml:mi> </mml:mrow> </mml:math> grown by metal-organic chemical vapor deposition (MOCVD). A single-chip broad-spectrum multi-wavelength emission from 620 to 450 nm can be realized by changing the injection current to realize the regulation of carrier injection in the MQWs with different emission wavelengths. And the full-color micro-LED display with uniform brightness can be achieved by adopting the pulse width modulation (PWM) to adjust the duty cycle of micro-LED pixels at different pulse voltages. We expect this study will provide a promising research direction for full-color micro-LED displays, thus effectively avoiding the problems caused during the massive transfer and color conversion.",52,6.9354,6,1
https://openalex.org/W2321060458,https://doi.org/10.1103/physrevb.84.193406,Manipulating the Rashba-type spin splitting and spin texture of Pb quantum well states,2011,article,T13531,Surface and Thin Film Phenomena,Using spin- and angle-resolved photoemission spectroscopy we show that the spin splitting and the spin texture of quantum well states in thin Pb films can be manipulated through changes in the interface to the substrate. Compared with films grown on the Pb reconstructed Si(111) substrate the Bi interface reduces the spin splitting of the Pb states by a factor of 2 and the spin polarization vector is rotated by 32${}^{\ensuremath{\circ}}$ out of the sample plane. The spin splitting on an Ag reconstructed substrate is below the experimental resolution. Based on a model supported by ab initio calculations we interpret these changes as due to a modification of the charge density distribution in the quantum well states.,22,1.971,7,2
https://openalex.org/W2624713771,,Gapless Andreev bound states in a topological junction on the Quantum Spin Hall insulator HgTe,2017,article,T10657,Topological Materials and Phenomena,,0,0.0,1,0
https://openalex.org/W4283717484,https://doi.org/10.1103/physrevb.106.214503,Energy distribution controlled ballistic Josephson junction,2022,article,T10037,Physics of Superconductivity and Magnetism,"We report an experimental study on the tuning of supercurrent in a ballistic graphene-based Josephson junction by applying a control voltage to a transverse normal channel. In this four-terminal geometry, the control voltage changes the occupation of Andreev states in the Josephson junction, thereby tuning the magnitude of the supercurrent. As a function of gate voltage, we find two different regimes characterized by a double-step distribution and a hot-electron distribution, respectively. Our work opens opportunities to design highly controllable Josephson junctions for tunable superconducting quantum circuits.",6,0.6899,3,2
https://openalex.org/W3112228655,https://doi.org/10.3390/coatings10121218,Simulation of Monolithically Integrated Meta-Lens with Colloidal Quantum Dot Infrared Detectors for Enhanced Absorption,2020,article,T10321,Quantum Dots Synthesis And Properties,"Colloidal quantum dots (CQDs) have been intensively investigated over the past decades in various fields for both light detection and emission applications due to their advantages like low cost, large-scale production, and tunable spectral absorption. However, current infrared CQD detectors still suffer from one common problem, which is the low absorption rate limited by CQD film thickness. Here, we report a simulation study of CQD infrared detectors with monolithically integrated meta-lenses as light concentrators. The design of the meta-lens for 4 μm infrared was investigated and simulation results show that light intensity in the focused region is ~20 times higher. Full device stacks were also simulated, and results show that, with a meta-lens, high absorption of 80% can be achieved even when the electric area of the CQD detectors was decreased by a factor of 64. With higher absorption and a smaller detector area, the employment of meta-lenses as optical concentrators could possibly improve the detectivity by a factor of 32. Therefore, we believe that integration of CQD infrared detectors with meta-lenses could serve as a promising route towards high performance infrared optoelectronics.",11,0.6514,5,1
https://openalex.org/W3117593632,https://doi.org/10.1149/ma2020-0271137mtgabs,Cost-Effective and Eco-Friendly Carbon-Based Nanomaterials in Wearable Energy Storage Devices,2020,article,T10179,Supercapacitor Materials and Fabrication,"The growing concerns of pollution and subsequent climate change have garnered researchers and enthusiasts all over the world to strive forward towards a sustainable and renewable energy economy. Nevertheless the energy production is not sufficient enough until, it is stored and utilised adequately. Henceforth, the electrochemical energy storage devices such batteries and supercapacitors have find a prominent place in the list. Quite recently, wearable energy storage devices can be a game changing for the energy storage industries. Thus, the search of competent electrodes for potential device is incalculable. The nanomaterials based electrodes are attracting the interest of scientist because of their efficient capacity in energy storage. In the nanomaterials, the physical and chemical properties can be extensively tuned by parameters such as morphology, distributions, composites etc. Besides that the electrolyte in an energy storage device also plays a vital role for the operating potential and cycle life of the device. The conductive electrolyte provides pathway for easy ion movements during charge and discharge of device. The carbon-based nanomaterials such as graphene, carbon quantum dots, activated carbon etc., can be used as negative electrode. These can be also used as positive electrodes when composite with some metal oxides, hydroxides or sulphides. These electrode materials can be synthesised by chemical methods or by carbonising the natural products such as dry leaves, fruits, peals, milk etc. Most interesting process to extract carbon is recycling the wastes viz., tyres, shoot, dry cells etc. to have an eco-friendly environment. Thus realize highly stable device, the development of carbon-based electrode materials is imperative. In this work, generation of efficient carbon-based electrodes by recycling of waste for energy storage devices will be presented in details. The wearable energy storage devices are emerging area for future electronics technology. Wearables are not just a smartwatch, but a whole range of wearable devices, including biosensors, biomedical equipment, renewable charged devices etc. These devices have tremendous potential to improve quality of life and safety. Researchers and industries are involved in developing carbon-based electrodes for wearable sensors and self-powered devices to create a new generation of wearables with high outcomes to meet the consumer demand. Henceforth, the generated carbon-based materials can be potential electrodes in wearable energy storage devices. Key words: Nanomaterials, Recycling, Carbon, Energy, Wearable Electronics, Capacity",0,0.0,1,1
https://openalex.org/W4240310742,https://doi.org/10.1109/nano.2006.1717035,Engineering Exchange Interaction in Coupled Elongated Quantum Dots,2006,article,T10382,Quantum and electron transport phenomena,"Coupled elongated quantum dots containing up to two electrons are studied with a model potential in magnetic fields. Single and two particle Schrödinger equations are solved using numerical exact diagonolization to obtain the exchange energy and chemical potentials. Special emphasis is placed on the variation of the exchange interaction between the two electrons as the dot shape is modified. As the aspect ratio between the directions perpendicular and parallel to the coupling direction of the double dots increases, the exchange energy at zero magnetic field increases, while the magnetic field at the singlet-triplet transition decreases. By investigating the charge stability diagram, we obtain the inter-dot coupling strength for various configurations. We also show the onset of electron localization into one dot due to inter-dot detuning and increasing magnetic fields.",0,0.0,3,1
https://openalex.org/W4404754760,https://doi.org/10.1364/oe.540784,Long room-temperature valley lifetimes of localized excitons in MoS<sub>2</sub> quantum dots,2024,article,T10275,2D Materials and Applications,"Transition metal dichalcogenides (TMDs), which exhibit valley polarization characteristics, are very promising materials for the realization of valleytronic devices. To implement practical applications, a long valley lifetime at room temperature is necessary. Here, we demonstrate that diethylenetriamine (DETA)-functionalized MoS 2 quantum dots (QDs) exhibit long valley lifetimes for localized excitons at room temperature. Based on polarization-resolved photoluminescence (PL) dynamics, the degree of circular polarization of defect-bound localized excitons in MoS 2 QDs are found to be between 21% and -22%. The observed room-temperature valley lifetimes for excitons in MoS 2 QDs are more than 58 ns, much larger than those in MoS 2 monolayers (≤ 4 ps). The decay of polarization-resolved PL and the dynamical degree of circular polarization can be modeled by using a rate equation approach. This model is based on intervalley scattering in dark exciton states and relaxation from dark exciton states to localized exciton states. Such a long-lived valley lifetime at room temperature could be significant for future valleytronics applications.",1,0.1133,8,1
https://openalex.org/W2383886004,,EFFECTS OF APPLIED ELECTRIC FIELDS ON LINEAR AND NONLINEAR INTERSUBBAND REFRACTIVE INDEX CHANGES IN SEMI-PARABOLIC QUANTUM WELLS,2005,article,T11177,Spectroscopy and Quantum Chemical Studies,"By using the compact density matrix approach and displacement harmonic variant and numerical calculation methods,the linear and nonlinear intersubband refractive index changes(RICs) in a semi-parabolic quantum well with applied electric field were investigated in detail.Numerical calculations on GaAs were performed for the dependence of RIC on the incident optical intensity,the frequency of confined potential of the semi-parabolic quantum well and the strength of applied electric field.Results reveal that the RICs in the semi-parabolic quantum well system sensitively depend on these factors.",0,0.0,1,1
https://openalex.org/W2023236516,https://doi.org/10.1103/physrevlett.101.136803,Nonuniversal Transmission Phase Lapses through a Quantum Dot: An Exact Diagonalization of the Many-Body Transport Problem,2008,article,T10382,Quantum and electron transport phenomena,"Systematic trends of nonuniversal behavior of electron-transmission phases through a quantum dot, with no phase lapse for the transition N = 1-->N = 2 and a lapse of pi for the N = 2-->N = 3 transition, are predicted, in agreement with experiments, from many-body transport calculations involving exact diagonalization of the dot Hamiltonian. The results favor shape anisotropy of the dot and strong e-e repulsion with consequent electron localization, showing dependence on spin configurations and the participation of excited doorway transmission channels.",21,2.5783,3,1
https://openalex.org/W2192345579,https://doi.org/10.1016/j.jechem.2015.10.006,Graphene quantum dots assisted photovoltage and efficiency enhancement in CdSe quantum dot sensitized solar cells,2015,article,T10321,Quantum Dots Synthesis And Properties,,29,1.3956,5,1
https://openalex.org/W2425690704,https://doi.org/10.1103/physrevb.93.245411,Self-consistent scheme for optical response of large hybrid networks of semiconductor quantum dots and plasmonic metal nanoparticles,2016,article,T10295,Plasmonic and Surface Plasmon Research,"We discuss a self-consistent scheme for treating the optical response of large, hybrid networks of semiconducting quantum dots (SQDs) and plasmonic metallic nanoparticles (MNPs). Our method is efficient and scalable and becomes exact in the limiting case of weakly interacting SQDs. The self-consistent equations obtained for the steady state are analogous to the von Neumann equations of motion for the density matrix of a SQD placed in an effective electric field computed within the discrete dipole approximation. Illustrative applications of the theory to square and honeycomb SQD, MNP, and hybrid SDQ-MNP lattices as well as SQD-MNP dimers are presented. Our results demonstrate that hybrid SQD-MNP lattices can provide flexible platforms for light manipulation with tunable resonant characteristics.",16,1.9241,5,1
https://openalex.org/W4220797866,https://doi.org/10.3390/sym14040666,Tunable Geometries in Sparse Clifford Circuits,2022,article,T11804,Quantum many-body systems,"We investigate the emergence of different effective geometries in stochastic Clifford circuits with sparse coupling. By changing the probability distribution for choosing two-site gates as a function of distance, we generate sparse interactions that either decay or grow with distance as a function of a single tunable parameter. Tuning this parameter reveals three distinct regimes of geometry for the spreading of correlations and growth of entanglement in the system. We observe linear geometry for short-range interactions, treelike geometry on a sparse coupling graph for long-range interactions, and an intermediate fast scrambling regime at the crossover point between the linear and treelike geometries. This transition in geometry is revealed in calculations of the subsystem entanglement entropy and tripartite mutual information. We also study emergent lightcones that govern these effective geometries by teleporting a single qubit of information from an input qubit to an output qubit. These tools help to analyze distinct geometries arising in dynamics and correlation spreading in quantum many-body systems.",5,0.7645,4,2
https://openalex.org/W4304891715,https://doi.org/10.22331/q-2022-10-13-833,Variational solutions to fermion-to-qubit mappings in two spatial dimensions,2022,article,T11682,Advanced Condensed Matter Physics,"Through the introduction of auxiliary fermions, or an enlarged spin space, one can map local fermion Hamiltonians onto local spin Hamiltonians, at the expense of introducing a set of additional constraints. We present a variational Monte-Carlo framework to study fermionic systems through higher-dimensional (<mml:math xmlns:mml=""http://www.w3.org/1998/Math/MathML""><mml:mo>&amp;#x003E;</mml:mo></mml:math>1D) Jordan-Wigner transformations. We provide exact solutions to the parity and Gauss-law constraints that are encountered in bosonization procedures. We study the<mml:math xmlns:mml=""http://www.w3.org/1998/Math/MathML""><mml:mi>t</mml:mi></mml:math>-<mml:math xmlns:mml=""http://www.w3.org/1998/Math/MathML""><mml:mi>V</mml:mi></mml:math>model in 2D and demonstrate how both the ground state and the low-energy excitation spectra can be retrieved in combination with neural network quantum state ansatze.",17,2.3458,2,1
https://openalex.org/W2905421770,https://doi.org/10.32603/1993-8985-2018-21-5-44-50,EMISSION PROCESSES OF QUANTUM WELL INTERACTION WITH DELTA-LAYER IN pHEMT-HETEROSTRUCTURES,2018,article,T10022,Semiconductor Quantum Structures and Devices,"The paper provides experimental and theoretical study of pHEMT heterostructures with quantum well (QW) AlGaAs/InGaAs/GaAs and delta-doped layer used as active layers for fabrication of 4-18 GHz transistors. As the experimental techniques, the electrochemical capacitance-voltage (ECV) profiling and other methods of admittance spectroscopy are applied. Modernization of commercial ECV-profiling setup allows observing for the first time the concentration peak from a near-surface delta-layer of pHEMT heterostructures together with the enrichment peak from the quantum well. In order to optimize the etching speed the crater bottom control is performed by means of AFM. The electrolyte-semiconductor contact capacitance is measured with Agilent RLC-meter. The main theoretical technique used in the research is numerical modeling of nanoheterostructure key electronic features by self-consistent solution of Schrödinger and Poisson equations. The potential line-up for the conduction band bottom is obtained, and the quantized energy levels are calculated. The complex analysis of series of samples is carried out in order to understand the influence of delta-layer position on the level depth and at the carrier concentration. The optimum distance between QW and delta-layer providing the most efficient charge carrier delivery to quantum well is found. The performed research is aimed at improvement of microwave electronic devices allowing increase of the gain coefficient and the transfer characteristic of SHF-transistors.",0,0.0,3,1
https://openalex.org/W7145792495,,Determining the position of a single spin relative to a metallic nanowire,2021,article,T10478,Diamond and Carbon-based Materials Research,"The nanoscale localization of individual paramagnetic defects near an electrical circuit is an important step for realizing hybrid quantum devices with strong spin-microwave photon coupling. Here, we fabricate an array of individual nitrogen vacancy (NV) centers in diamond near a metallic nanowire deposited on top of the substrate. We determine the relative position of each NV center with ∼10 nm accuracy, using it as a vector magnetometer to measure the field generated by passing a DC through the wire.",0,0.0,12,0
https://openalex.org/W1992073752,https://doi.org/10.1063/1.2430680,Formation of single quantum dot in single-walled carbon nanotube channel using focused-ion-beam technique,2007,article,T10074,Carbon Nanotubes in Composites,"The authors fabricated a single quantum dot in a single-walled carbon nanotube (SWCNT) channel using focused-ion-beam techniques. They used this technique to form two tunnel barriers, constituting a single quantum dot, by introducing two damaged regions with a separation of 50nm into a SWCNT channel. Electrical properties revealed that source-drain current oscillation as a function of gate voltage was clearly observed at room temperature, resulting from the Coulomb blockade effect. Charging energy of the single quantum dot in the SWCNT channel was estimated to be 255meV, which is approximately ten times larger than thermal energy at room temperature.",47,5.9469,7,1
https://openalex.org/W2894800267,https://doi.org/10.1007/s00604-018-2999-8,Fluorometric determination of doxycycline based on the use of carbon quantum dots incorporated into a molecularly imprinted polymer,2018,article,T11342,Carbon and Quantum Dots Applications,,86,2.6729,4,1
https://openalex.org/W2034932701,https://doi.org/10.1103/physrevlett.108.196802,"Coupled Spin and Valley Physics in Monolayers of<mml:math xmlns:mml=""http://www.w3.org/1998/Math/MathML"" display=""inline""><mml:msub><mml:mi>MoS</mml:mi><mml:mn>2</mml:mn></mml:msub></mml:math>and Other Group-VI Dichalcogenides",2012,article,T10275,2D Materials and Applications,"We show that inversion symmetry breaking together with spin-orbit coupling leads to coupled spin and valley physics in monolayers of MoS2 and other group-VI dichalcogenides, making possible controls of spin and valley in these 2D materials. The spin-valley coupling at the valence-band edges suppresses spin and valley relaxation, as flip of each index alone is forbidden by the valley-contrasting spin splitting. Valley Hall and spin Hall effects coexist in both electron-doped and hole-doped systems. Optical interband transitions have frequency-dependent polarization selection rules which allow selective photoexcitation of carriers with various combination of valley and spin indices. Photoinduced spin Hall and valley Hall effects can generate long lived spin and valley accumulations on sample boundaries. The physics discussed here provides a route towards the integration of valleytronics and spintronics in multivalley materials with strong spin-orbit coupling and inversion symmetry breaking.",5008,101.0155,5,3
https://openalex.org/W2020220455,https://doi.org/10.1063/1.3666462,Terahertz Induced Intra-excitonic Autler-Townes Effect In Semiconductor Quantum Wells,2011,article,T10022,Semiconductor Quantum Structures and Devices,We monitor the near‐infrared (NIR) transmission of a GaAs/AlGaAs multi quantum well while illuminated with intense terahertz (THz) pulses. We present the first clear evidence of the intra‐excitonic Autler‐Townes effect when pumping the 1s‐2p transition of the heavy‐hole exciton. We discuss our findings on the basis of a simplified two‐level model and find good qualitative agreement on resonance up to a Rabi energy of 0.6 times the 1s‐2p transition energy.,0,0.0,11,2
https://openalex.org/W2602612800,https://doi.org/10.48550/arxiv.1006.0209,Double Quantum Dots in Carbon Nanotubes,2010,article,T10074,Carbon Nanotubes in Composites,"We study the two-electron eigenspectrum of a carbon-nanotube double quantum dot with spin-orbit coupling. Exact calculation are combined with a simple model to provide an intuitive and accurate description of single-particle and interaction effects. For symmetric dots and weak magnetic fields, the two-electron ground state is antisymmetric in the spin-valley degree of freedom and is not a pure spin-singlet state. When double occupation of one dot is favored by increasing the detuning between the dots, the Coulomb interaction causes strong correlation effects realized by higher orbital-level mixing. Changes in the double-dot configuration affect the relative strength of the electron-electron interactions and can lead to different ground state transitions. In particular, they can favor a ferromagnetic ground state both in spin and valley degrees of freedom. The strong suppression of the energy gap can cause the disappearance of the Pauli blockade in transport experiments and thereby can also limit the stability of spin-qubits in quantum information proposals. Our analysis is generalized to an array of coupled dots which is expected to exhibit rich many-body behavior.",0,,5,0
https://openalex.org/W2078613999,https://doi.org/10.1007/s13391-013-3211-2,"Surface-treated biocompatible ZnS quantum dots: Synthesis, photo-physical and microstructural properties",2014,article,T10321,Quantum Dots Synthesis And Properties,,20,1.5689,7,1
https://openalex.org/W4405442875,https://doi.org/10.1103/physrevapplied.22.064059,Multiprobe analysis to separate edge currents from bulk currents in quantum spin Hall insulators and to analyze their temperature dependence,2024,article,T10657,Topological Materials and Phenomena,"We present a multiprobe transport analysis that effectively separates bulk and edge currents in large Hall bar devices with standard geometries. Applied to transport measurements on all possible four-probe configurations of six-probe Hall-bar devices made of inverted three-layer $\mathrm{In}\mathrm{As}$/$(\mathrm{Ga},\mathrm{In})\mathrm{Sb}$ quantum wells (QWs), our analysis not only reveals the presence of dissipative edge currents in the topological gap, but also allows the temperature dependence of bulk and edge conductivity to be evaluated separately. The temperature dependence of the edge conductivity for Hall-bar channels from $10$ to $70\phantom{\rule{0.2em}{0ex}}\text{\ensuremath{\mu}}\mathrm{m}$ in the range of 1.5 to 45 K is consistent with the theoretical expectation of weakly interacting helical edge electrons with backscattering due to localized magnetic moments of charge impurities. We argue that these charge impurities are naturally associated with intrinsic $\mathrm{Ga}$-antisite defects, which act as double acceptors in $\mathrm{In}\mathrm{As}$/($\mathrm{Ga}$,$\mathrm{In}$)$\mathrm{Sb}$-based QWs.",5,1.591,16,2
https://openalex.org/W4401676002,https://doi.org/10.1016/j.cej.2024.154862,Properties on demand in CQDs for tailored design of liquid separation performance in membranes,2024,article,T11342,Carbon and Quantum Dots Applications,,10,1.131,6,2
https://openalex.org/W2917687149,https://doi.org/10.1038/s41598-019-38772-8,Hydrophilic Quantum Dots Functionalized with Gd(III)-DO3A Monoamide Chelates as Bright and Effective T1-weighted Bimodal Nanoprobes,2019,article,T12149,Nanocluster Synthesis and Applications,"Abstract Magnetic resonance imaging (MRI) is a powerful non-invasive diagnostic tool that enables distinguishing healthy from pathological tissues, with high anatomical detail. Nevertheless, MRI is quite limited in the investigation of molecular/cellular biochemical events, which can be reached by fluorescence-based techniques. Thus, we developed bimodal nanosystems consisting in hydrophilic quantum dots (QDs) directly conjugated to Gd(III)-DO3A monoamide chelates, a Gd(III)-DOTA derivative, allowing for the combination of the advantages of both MRI and fluorescence-based tools. These nanoparticulate systems can also improve MRI contrast, by increasing the local concentration of paramagnetic chelates. Transmetallation assays, optical characterization, and relaxometric analyses, showed that the developed bimodal nanoprobes have great chemical stability, bright fluorescence, and high relaxivities. Moreover, fluorescence correlation spectroscopy (FCS) analysis allowed us to distinguish nanosystems containing different amounts of chelates/QD. Also, inductively coupled plasma optical emission spectrometry (ICP – OES) indicated a conjugation yield higher than 75%. Our nanosystems showed effective longitudinal relaxivities per QD and per paramagnetic ion, at least 5 times [per Gd(III)] and 100 times (per QD) higher than the r 1 for Gd(III)-DOTA chelates, suitable for T 1 -weighted imaging. Additionally, the bimodal nanoparticles presented negligible cytotoxicity, and efficiently labeled HeLa cells as shown by fluorescence. Thus, the developed nanosystems show potential as strategic probes for fluorescence analyses and MRI, being useful for investigating a variety of biological processes.",20,1.1013,10,2
https://openalex.org/W4380791294,https://doi.org/10.1063/5.0149296,Faraday rotation enhancement and characteristic of the Weyl node separation and tilt degree by resonant tunneling,2023,article,T10657,Topological Materials and Phenomena,"The 8 × 8 magneto-optical matrix has been derived to discuss the Faraday rotation (FR) effect, which is induced by the linear polarization wave passing through a sandwich structure composed of a dielectric layer and two identical Weyl semimetals (WSMs). The giant enhanced FR angle about 45° can be realized at the resonant tunneling wavelength of right hand circularly polarization (RCP) waves by enlarging the difference of the resonant tunneling wavelength of RCP and left hand circularly polarization waves suitably. It is shown that the resonant wavelengths depend on the Weyl node separation and tilt degree of Weyl cones in both type-I and type-II WSMs. More importantly, there exists a tunable one-to-one relationship between the Weyl node separation and the wavelength of the resonant FR angle, as well as the tilt degree and the wavelength of the resonant FR angle, which enables the characteristic of the Weyl node separation and tilt degree. Our research reveals an available method to determine the Weyl node separation and tilt degree of Weyl cones in both type-I and type-II WSMs.",3,0.5967,6,1
https://openalex.org/W1965937277,https://doi.org/10.1103/physreva.91.043625,Hierarchy of Floquet gaps and edge states for driven honeycomb lattices,2015,article,T10657,Topological Materials and Phenomena,"Electromagnetic driving in a honeycomb lattice can induce gaps and topological edge states with a structure of increasing complexity as the frequency of the driving lowers. While the high-frequency case is the most simple to analyze we focus on the multiple photon processes allowed in the low-frequency regime to unveil the hierarchy of Floquet edge states. In the case of low intensities an analytical approach allows us to derive effective Hamiltonians and address the topological character of each gap in a constructive manner. At high intensities we obtain the net number of edge states, given by the winding number, with a numerical calculation of the Chern numbers of each Floquet band. Using these methods, we find a hierarchy that resembles that of a Russian nesting doll. This hierarchy classifies the gaps and the associated edge states in different orders according to the electron-photon coupling strength. For large driving intensities, we rely on the numerical calculation of the winding number, illustrated in a map of topological phase transitions. The hierarchy unveiled with the low-energy effective Hamiltonians, along with the map of topological phase transitions, discloses the complexity of the Floquet band structure in the low-frequency regime. The proposed method for obtaining the effective Hamiltonian can be easily adapted to other Dirac Hamiltonians of two-dimensional materials and even the surface of a three-dimensional topological insulator.",142,9.1404,3,1
https://openalex.org/W2088054741,https://doi.org/10.1016/s0921-4526(03)00445-9,Binding energies of shallow donor impurities in different shaped quantum wells under an applied electric field,2003,article,T10022,Semiconductor Quantum Structures and Devices,,28,1.2763,3,1
https://openalex.org/W2009731517,https://doi.org/10.1134/s0030400x11070034,Light absorption involving longitudinal optical phonons in semiconductor quantum dots,2011,article,T10321,Quantum Dots Synthesis And Properties,"A theory of single-photon interband transitions involving optical phonons in semiconductor quantum dots (QDs) has been developed. This theory assumes that the electron subsystem of QDs with infinite potential walls is in strong confinement, and its energy spectrum can be described according to the two-band semiconductor model. Longitudinal optical phonons are considered to be related to the QD electron subsystem via polar (Fröhlich) electronphonon interaction. It is shown that, in these approximations, only the off-diagonal part of electron-phonon interaction leads to the generation of electron-hole pairs with the participation of phonons; the selection rules for these transitions differ from those for zero-phonon transitions. Analytical expressions for the light-absorption coefficients of ensembles of identical and size-distributed QDs have been obtained.",3,0.3217,3,1
https://openalex.org/W1569596675,https://doi.org/10.1002/adfm.201570143,Photovoltaics: Synergistic Interaction of Dyes and Semiconductor Quantum Dots for Advanced Cascade Cosensitized Solar Cells (Adv. Funct. Mater. 21/2015),2015,article,T10590,Chalcogenide Semiconductor Thin Films,"The cascade co-sensitization concept is demonstrated by the sensitization of TiO2 electrodes with CdS quantum dots (QDs) covalently linked to zinc phthalocyanines (ZnPcs) via a sulfur atom. As discussed by I. Mora-Seró and Á. Sastre-Santos on page 3220, the efficiency of co-sensitized CdS QD-SZnPc cells, using Co(phen)3]3+/[Co(phen)3]2+ as electrolyte is 212% higher than that of a solar cell sensitized just with CdS QD.",1,0.1973,7,1
https://openalex.org/W2761576763,https://doi.org/10.1063/1.4991693,Effect of defects on quantum yield in blue emitting photoluminescent nitrogen doped graphene quantum dots,2017,article,T11342,Carbon and Quantum Dots Applications,"This paper presents a comprehensive study of the impact of defects on quantum yield in Nitrogen doped graphene quantum dots (N-GQDs). The facile and high yielding hydrothermal method was used to process the N-GQDs by selecting two different nitrogen containing powders, that is, NH4Cl (sample-I) and (NH4)2SO4(sample-II). Initially, the synthesized samples were characterized by using High Resolution Transmission Electron Microscope (HRTEM), Powdered X-Ray Diffraction, Raman Spectroscopy, and UV-Visible spectroscopy, Fourier Transform Infrared Spectroscopy, and Photoluminescence (PL) for sample integrity. HRTEM images suggest that the majority of the both sample types were in the narrow range of 5–20 nm in diameter. The samples show blue photoluminescence and excitation dependent PL emission characteristics. As expected, by using the different excitation energy in PL, appearance of peak introduces additional energy levels between π and π* that provide alternative electron transition pathways. The most remarkable finding is that the fluorescence quantum yield is up to 28% for sample-I and is 49.8% for sample-II, which is higher than that of reported GQDs (less than 25%). This clearly suggests that the defect states related to Nitrogen, Chlorine, and Sulfur that alter the band gap of the GQDs determine the PL characteristics and the quantum yield.",71,1.9632,3,1
https://openalex.org/W2763383781,https://doi.org/10.1088/1361-6463/aa920a,Polarity control of a skyrmion in a helimagnet nanodisk by fixing magnetization at the boundary,2017,article,T10049,Magnetic properties of thin films,"We demonstrate that the polarity of a skyrmion in a nanodisk can be controlled by fixing the direction of magnetization at the disk boundary. First, we theoretically demonstrate that fixing the direction of the magnetization at the disk edge can break the energy degeneracy of the skyrmion with different polarities. Then, we present the phase diagrams of the ground state for a helimagnetic nanodisk with different radii as functions of the direction of the magnetization at the disk edge and anisotropy constant. It shows that the polarity of the skyrmion alternately changes between p = 1 and −1 with the angle between the magnetization at the disk edge and z-axis increasing from 0 to . Finally, we conduct the micromagnetic simulations and confirm the calculation results.",3,0.183,4,1
https://openalex.org/W2946843232,,A genuine realization of the spinless 4D topological insulator by electric circuits,2019,article,T10657,Topological Materials and Phenomena,,4,0.6009,3,0
https://openalex.org/W4365810379,https://doi.org/10.1002/adfm.202301651,Achieving Ultrahigh Electron Mobility in PdSe<sub>2</sub> Field‐Effect Transistors via Semimetal Antimony as Contacts,2023,article,T10275,2D Materials and Applications,"Abstract Even though atomically thin 2D semiconductors have shown great potential for next‐generation electronics, the low carrier mobility caused by poor metal–semiconductor contacts and the inherently high density of impurity scatterings remains a critical issue. Herein, high‐mobility field‐effect transistors (FETs) by introducing few‐layer PdSe 2 flakes as channels is achieved, via directly depositing semimetal antimony (Sb) as drain–source electrodes. The formation of clean and defect‐free van der Waals (vdW) stackings at the Sb–PdSe 2 heterointerfaces boosts the room temperature transport characteristics, including low contact resistance down to 0.55 kΩ µm, high on‐current density reaching 96 µA µm −1 , and high electron mobility of 383 cm 2 V −1 s −1 . Furthermore, metal–insulator transition (MIT) is observed in the PdSe 2 FETs with and without hexagonal boron nitride (h–BN) as buffer layers. However, the layered h–BN/PdSe 2 vdW stacking eliminates the interference of interfacial disorders, and thus the corresponding device exhibits a lower MIT crossing point, larger mobility exponent of γ ∼ 1.73, significantly decreased hopping parameter of T 0 , and ultrahigh electron mobility of 2,184 cm 2 V −1 s −1 at 10 K. These findings are expected to be significant for developing high mobility 2D‐based quantum devices.",38,3.5188,6,1
https://openalex.org/W3094782213,https://doi.org/10.1103/physrevb.103.014431,Dynamical spin correlations of the kagome antiferromagnet,2021,article,T11682,Advanced Condensed Matter Physics,"Temperature-dependent dynamical spin correlations, which can be readily accessed via a variety of experimental techniques, hold the potential of offering a unique fingerprint of quantum spin liquids and other intriguing dynamical states. In this work we present an in-depth study of the temperature-dependent dynamical spin structure factor $S(\mathbf{q},\ensuremath{\omega})$ of the antiferromagnetic (AFM) Heisenberg spin-1/2 model on the kagome lattice with additional Dzyaloshinskii-Moriya (DM) interactions. Using the finite-temperature Lanczos method on lattices with up to $N=30$ sites we find that even without DM interactions, chiral low-energy spin fluctuations of the ${120}^{\ensuremath{\circ}}$ AFM order parameter dominate the dynamical response. This leads to a nontrivial frequency dependence of $S(\mathbf{q},\ensuremath{\omega})$ and the appearance of a pronounced low-frequency mode at the M point of the extended Brillouin zone. Adding an out-of-plane DM interactions ${D}^{z}$ gives rise to an anisotropic dynamical response, a softening of in-plane spin fluctuations, and, ultimately, the onset of a coplanar AFM ground-state order at ${D}^{z}&gt;0.1J$. Our results are in very good agreement with existing inelastic neutron scattering and temperature-dependent NMR spin-lattice relaxation rate $(1/{T}_{1})$ data on the paradigmatic kagome AFM compound herbertsmithite, where the effect of its small ${D}^{z}$ on the dynamical spin correlations is shown to be rather small, as well as with $1/{T}_{1}$ data on the novel kagome AFM compound ${\mathrm{YCu}}_{3}{(\mathrm{OH})}_{6}{\mathrm{Cl}}_{3}$, where its substantial ${D}^{z}\ensuremath{\approx}0.25J$ interaction is found to strongly affect its spin dynamics.",20,2.419,4,1
https://openalex.org/W2885026113,,Andreev bound states in superconductor-quantum dot chains,2018,article,T10657,Topological Materials and Phenomena,"Andreev bound states in superconductor-quantum dot chains can provide a platform for quantum simulation and topologically protected quantum computation. This thesis focuses on quantum transport in superconductor-semiconductor nanowire hybrid structures. With InSb nanowires, we study Andreev bound states in single, double and triple dot chains. We first implement highly tunable single quantum dots in nanowires coupled to superconductors facilitated by local gates and transparent contacts. We explore the tunneling resonance of Andreev bound states in a wide parameter regime: from co-tunneling regime to spinfull singlet Andreev bound states, and find simultaneous transitions of superconducting and normal transports as the dot is tuned to be strongly coupled to the superconductor. In the open dot regime we investigate the zero bias feature that is strongly relevant to Majorana zero modes based on continuous nanowire sections. With two copies of this hybrid structure, we study the hybridization of Andreev bound states in a double dot. We observe tunneling spectra of the hybridized Andreev bound states and resolve their spin structure. Finally we implement a chain made of three superconductors and three quantum dots in series. Each dot is strongly coupled to a superconductor and has a single electron near the superconductor chemical potential. Spectroscopy measurement shows hybridization of Andreev bound states in the triple dot. A zero-bias peak is observed when a magnetic field is applied and it sustains in magnetic fields for a wide range, which can provide a signature of Majorana zero modes in this chain structure. We also evaluate the potential of Ge/Si core/shell nanowires for the realization of Majorana zero modes. To that end we establish three of the necessary ingredients for realizing Majorana zero modes based in nanowires: we achieve induced superconductivity from NbTiN, we estimate spin-orbit coupling ($l_{SO}\approx 100-500$ nm) based on spin blockade, and we measure g-factors (up to 8) in Ge/Si double dots.",0,0.0,1,0
https://openalex.org/W2268976174,https://doi.org/10.1364/cleo.2010.ctunn6,Quantum efficiency enhancement optimization in colloidal semiconductor quantum dot solids using nonradiative energy transfer,2010,article,T10321,Quantum Dots Synthesis And Properties,We investigate quantum efficiency (QE) enhancement via recycling of trapped excitons in energy-gradient of quantum dot solids using nonradiative energy transfer. The maximum QE increase of 17% is achieved when the donor-acceptor ratio is 1:1.,0,0.0,3,1
https://openalex.org/W2141687360,https://doi.org/10.1039/c5nr02551f,Morphology and local conductance of single crystalline Bi<sub>2</sub>Te<sub>3</sub> thin films on mica,2015,article,T10657,Topological Materials and Phenomena,"The relation between surface morphology and local conductance was studied for single crystalline thin films of Bi2Te3 grown on mica. Atomic force microscopy and electron diffraction revealed the hexagonal order of the surface with quintuple layer steps and spiral islands. Furthermore, the experiments using contact mode AFM with conducting tip performed at room temperature revealed the high conductance of the surface, which was locally reduced due to changes in the local electronic structure at the defects (e.g. edges of the terraces). Contact current-voltage characteristics tested over the surface showed a linear behavior in every point, with the resistance significantly lower than the resistance of reference metallic samples (gold, platinum). We show that local conductivity AFM is a good technique to exploit the peculiar surface properties of topological insulators.",9,0.8677,4,2
https://openalex.org/W3094821777,https://doi.org/10.1103/physrevx.10.041025,"Coherent and Purcell-Enhanced Emission from Erbium Dopants in a Cryogenic High-<mml:math xmlns:mml=""http://www.w3.org/1998/Math/MathML"" display=""inline""><mml:mi>Q</mml:mi></mml:math> Resonator",2020,article,T11449,Mechanical and Optical Resonators,"A new platform enables controlled interactions between light and qubits while preserving their fragile quantum properties, thus providing a new path toward a quantum modem that could connect to a future quantum internet.",61,5.5617,3,1
https://openalex.org/W4393055876,https://doi.org/10.1364/opticaq.510829,High-quality single InGaAs/GaAs quantum dot growth on a silicon substrate for quantum photonic applications,2024,article,T10022,Semiconductor Quantum Structures and Devices,"Developing non-classical light sources for use in quantum information technology is a primary goal of quantum nanophotonics. Significant progress has been made in this area using quantum dots grown on III/V semiconductor substrates. However, it is crucial to develop quantum light sources based on silicon wafers to facilitate large-scale integration of electronic circuits and quantum photonic structures. We present a method for the direct heteroepitaxial growth of high-quality InGaAs quantum dots on silicon, which enables the fabrication of scalable and cost-effective quantum photonics devices that are compatible with silicon technology. To achieve high-quality GaAs heterostructures, we apply an intermediate GaP buffer and defect-reducing layers on a silicon substrate. The epitaxially grown quantum dots exhibit optical and quantum-optical properties similar to reference ones based on conventional GaAs substrates. The distributed Bragg reflector used as a backside mirror enables us to achieve bright emission with up to (18 ± 1)% photon extraction efficiency. Additionally, the quantum dots exhibit strong multi-photon suppression with g (2) (τ) = (3.7 ± 0.2) × 10 −2 and high photon indistinguishability V = (66 ± 19)% under non-resonant excitation. These results indicate the high potential of our heteroepitaxy approach in the field of silicon-compatible quantum nanophotonics. Our approach can pave the way for future chips that combine electronic and quantum photonic functionality.",9,2.8201,7,0
https://openalex.org/W2291688091,https://doi.org/10.1080/10408347.2016.1157013,FTIR Spectroscopy for Carbon Family Study,2016,review,T10083,Graphene research and applications,"Fourier transform Infrared (FTIR) spectroscopy is a versatile technique for the characterization of materials belonging to the carbon family. Based on the interaction of the IR radiation with matter this technique may be used for the identification and characterization of chemical structures. Most important features of this method are: non-destructive, real-time measurement and relatively easy to use. Carbon basis for all living systems has found numerous industrial applications from carbon coatings (i.e. amorphous and nanocrystalline carbon films: diamond-like carbon (DLC) films) to nanostructured materials (fullerenes, nanotubes, graphene) and carbon materials at nanoscale or carbon dots (CDots). In this paper, we present the FTIR vibrational spectroscopy for the characterization of diamond, amorphous carbon, graphite, graphene, carbon nanotubes (CNTs), fullerene and carbon quantum dots (CQDs), without claiming to cover entire field.",1342,19.0901,3,1
https://openalex.org/W2599035576,,Coherence of a quantum dot source of entangled photons,2008,article,T10022,Semiconductor Quantum Structures and Devices,"A well controlled, triggered source of entangled photons is desirable for many applications in quantum information processing. The two-photon cascade from a biexciton state, two electrons and holes, confined in a quantum dot can be such a source of polarisation-entangled photons provided the two decay paths from the biexciton carry no “which-path” information. In recent years many techniques have been employed to make the two optical decay paths from the biexciton state indistinguishable. We will demonstrate the effect of the exciton fine-structure splitting on a single-dot based entangled photon source. Surprisingly the entanglement is found to persist despite relatively large separations between the intermediate energy levels of up to 4µeV. Measurements demonstrate that entanglement of the photon pair is robust to the dephasing of the intermediate exciton state responsible for the first order coherence time of either of the single photons. We distinguish between the first-order coherence time (2*), and a parameter defined as the cross-coherence time (HV) which is illustrated in the figure. The cross-coherence time is found to be at least an order of magnitude greater than the first-order coherence time. We will also report on recent progress towards an ideal source of triggered polarisation-entangled photons with a single quantum dot.",0,0.0,1,0
https://openalex.org/W2995349787,https://doi.org/10.1021/acsami.9b18500,Highly Efficient and Thermally Stable QD-LEDs Based on Quantum Dots-SiO<sub>2</sub>-BN Nanoplate Assemblies,2019,article,T10090,ZnO doping and properties,"Silica encapsulation effectively elevates the resistance of quantum dots (QDs) against water and oxygen. However, QDs-SiO2 composites present low thermal conductivity and strong thermal accumulation, leading to considerable fluorescence quenching of QDs in optoelectronic devices at high power. Here, a sandwich structural QDs-SiO2-BN nanoplate assembly material (QDs-SiO2-BNAs) is developed to reduce the thermal quenching and enhance the stability of QDs in LEDs. The QDs-SiO2-BNAs is fabricated by embedding QDs-SiO2 into the interlayer of layer-by-layer assembled BN nanoplates, and the BN nanoplates are pretreated by SiO2 encapsulation to strengthen the interaction with QDs-SiO2. This assembly structure endows the QDs with fast heat dissipation and double surface protection against air. The medium power QDs-converted LEDs (QD-LEDs) fabricated by direct on-chip packaging of the QDs-SiO2-BNAs gain 44.2 °C temperature reduction at 0.5 W in comparison with conventional QD-LEDs. After aging, the resulting QD-LEDs present degradation of only 1.2% under sustained driving for 250 h. The QD-LEDs also pass the 1 week reliability test at 85 °C/85% RH with <±0.01 shift of the color coordinates, demonstrating the profound potential of the QDs-SiO2-BNAs in LED lighting and display applications.",31,1.2849,9,1
https://openalex.org/W2581449216,https://doi.org/10.1016/j.jechem.2017.01.005,Photoactive materials based on semiconducting nanocarbons – A challenge opening new possibilities for photocatalysis,2017,article,T11342,Carbon and Quantum Dots Applications,,35,2.2947,6,2
https://openalex.org/W2918919329,https://doi.org/10.1117/12.2507883,Optical properties of water-based colloidal suspensions of graphene quantum dots (Conference Presentation),2019,article,T10321,Quantum Dots Synthesis And Properties,"OPTICAL PROPERTIES OF WATER BASED COLLOIDAL SUSPENSIONS OF GRAPHENE QUANTUM DOTS Melita Parlak1, Elif Kayaaslan2, Dilan Ugus2, Bukem Bilen1, Hakan Erturk2 1Bogazici University, Department of Physics, Istanbul, 34342, Turkey 2Bogazici University, Department of Mechanical Engineering, Istanbul, 34342, Turkey Graphene quantum dots (GQDs) and their colloidal suspensions have been attracting attention for various applications such as biomedical imaging or energy harvesting. Optical properties need to be calculated for quantum dots’ effective use in different applications. Spectral absorbance for dilute colloidal suspensions of graphene quantum dots in water is predicted theo- retically by several methods including Rayleigh theory, Rayleigh Debye Gans approximation for fractal aggregates (RDG-FA) and discrete dipole approx- imation (DDA) within visible range of light (450- 700 nm). Confinement effect is observed while shrinking from 3 dimensional bulk material to quan- tum dots, and when the size of GQD is smaller than 10 nm, confinement effect becomes remarkable.The sizes of the inspected colloidal suspensions of quantum dots in water are reported to be 5 nm in average. After calculating optical properties of graphene quantum dots by using these approximations, the predicted spectral absorbances are compared to the experimental results. Absorption spectra of colloidal suspensions of GQDs in water with concen- trations ranging from 10000 ppm to 80000 ppm are obtained by Avantes Spectrometer using halogen lamp illumination and AvaSoft software. The size distribution and therefore the aggregation level of the quantum dots are identified through comparisons of the predicted and the measured spectral absorbances.",0,0.0,6,1
https://openalex.org/W2040043656,https://doi.org/10.1021/jp8022887,Correlated Angular and Quantum State-Resolved CO<sub>2</sub> Scattering Dynamics at the Gas−Liquid Interface,2008,article,T11177,Spectroscopy and Quantum Chemical Studies,"Molecular beam scattering dynamics at the gas-liquid interface are investigated for CO2 (E(inc) = 10.6(8) kcal/mol) impinging on liquid perfluoropolyether (PFPE), with quantum state (v, J) populations measured as a function of incident (theta(inc)) and final (theta(scat)) scattering angles. The internal state distributions are well-characterized for both normal and grazing incident angles by a two-component Boltzmann model for trapping desorption (TD) and impulsive scattering (IS) at rotational temperatures T(rot)(TD/IS), where the fractional TD probability for CO2 on the perfluorinated surface is denoted by TD and IS densities (rho) as alpha = rhoTD/(rhoTD + rhoIS). On the basis of an assumed cos(theta(scat)) scattering behavior for the TD flux component, the angular dependence of the IS flux at normal incidence (theta(inc) = 0 degrees) is surprisingly well-modeled by a simple cos(n)(theta(scat)) distribution with n = 1.0 +/- 0.2, while glancing incident angles (theta(inc) = 30 degrees, 45 degrees, and 60 degrees) result in lobular angular IS distributions scattered preferentially in the forward direction. This trend is also corroborated in the TD fraction alpha, which decreases rapidly under non-normal incident conditions as a function of backward versus forward scattering direction. Furthermore, the extent of rotational excitation in the IS channel increases dramatically with increasing angle of incidence, consistent with an increasing rotational torque due to surface roughness at the gas-liquid interface.",27,3.0416,2,1
https://openalex.org/W3207746808,https://doi.org/10.1063/5.0067204,Reflection and transmission of electromagnetic pulses at a planar dielectric interface: Theory and quantum lattice simulations,2021,article,T10622,Quantum Mechanics and Applications,"There is considerable interest in the application of quantum information science to advance computations in plasma physics. A particular point of curiosity is whether it is possible to take advantage of quantum computers to speed up numerical simulations relative to conventional computers. Many of the topics in fusion plasma physics are classical in nature. In order to implement them on quantum computers, it will require couching a classical problem in the language of quantum mechanics. Electromagnetic waves are routinely used in fusion experiments to heat a plasma or to generate currents in the plasma. The propagation of electromagnetic waves is described by Maxwell equations with an appropriate description of the plasma as a dielectric medium. Before advancing to the tensor dielectric of a magnetized plasma, this paper considers electromagnetic wave propagation in a one-dimensional inhomogeneous scalar dielectric. The classic theory of scattering of plane electromagnetic waves at a planar interface, separating two different dielectric media, leads to Fresnel equations for reflection and transmission coefficients. In contrast to plane waves, this paper is on the reflection and transmission of a spatially confined electromagnetic pulse. Following an analytical formulation for the scattering of a Gaussian pulse, it is deduced that the maximum transmission coefficient for a pulse is n2/n1 times that for a plane wave; the incident and transmitted pulses propagate in dielectric media with refractive indices n1 and n2, respectively. The analytical theory is complemented by numerical simulations using a quantum lattice algorithm for Maxwell equations. The algorithm, based on the Riemann–Silberstein–Weber representation of the electromagnetic fields and expressed in terms of qubits, is an interleaved sequence of entangling operators at each lattice site and unitary streaming operators, which transmit information from one site to an adjacent lattice site. Besides substantiating results from the theory for Gaussian pulses, numerical simulations show their validity for non-Gaussian pulses. Apart from their time-asymptotic forms, the simulations display an interplay between the incident, reflected, and transmitted pulses in the vicinity of the transition region between two dielectric media.",13,1.6459,4,1
https://openalex.org/W1782321042,https://doi.org/10.1103/physrevb.81.041304,Inhomogeneous nuclear spin flips: Feedback mechanism between electronic states in a double quantum dot and the underlying nuclear spin bath,2010,article,T10382,Quantum and electron transport phenomena,We discuss a feedback mechanism between electronic states in a two-electron double quantum dot and the underlying nuclear spin bath. We analyze two pumping cycles for which this feedback provides a force for the Overhauser fields of the two dots to either equilibrate or diverge. Which of these effects is favored depends on the $g$ factor and Overhauser coupling constant of the material. The strength of the effect increases with the ratio of Overhauser coupling to electron exchange energy and also increases as the external magnetic field decreases.,14,1.9646,3,1
https://openalex.org/W2090197075,https://doi.org/10.1088/0256-307x/23/5/068,Efficient Exciton Transfer from In <sub>0.35</sub> Ga <sub>0.65</sub> As Template into InAs Quantum Dots Grown on GaAs (311) <i>B</i> Substrates,2006,article,T10022,Semiconductor Quantum Structures and Devices,"Atomic force microscopy (AFM) and power-dependent micro-photoluminescence (μ-PL) spectroscopy are used to study the structure and exciton energy states in InAs quantum dots (QDs) grown on an In0.35Ga0.65As template on GaAs (311)B. The In0.35Ga0.65As template, consisting of a two-dimensionally modulated layer of closely packed connected cells, has a remarkable effect on the optical properties of the InAs QDs. By comparing the emission spectra of the samples without and with InAs QDs and the work carried out by Gong et al. [J. Cryst. Growth 251 (2003) 150; Appl. Phys. Lett. 81 (2002) 3254] we conclude that the existence of the In0.35Ga0.65As template enhances the photo-absorption and therefore the exciton emission from the QDs due to efficient exciton transfer from the template into the QDs. Furthermore, the PL emission from the QDs clearly reveals four discrete energy levels, S, P, D, and F with increasing excitation power.",1,0.2583,6,2
https://openalex.org/W7144649398,,High Generation Yield of Perfectly-Aligned NV centers for Quantum Sensing,2019,article,T10382,Quantum and electron transport phenomena,,0,0.0,10,0
https://openalex.org/W2008183530,https://doi.org/10.1039/c0cc02042g,Facile synthesis of highly luminescent UV-blue emitting ZnSe/ZnS core/shell quantum dots by a two-step method,2010,article,T10321,Quantum Dots Synthesis And Properties,New water-soluble and highly luminescent ZnSe/ZnS core/shell quantum dots with tunable emission ranging between 390 and 460 nm were synthesized via a two-step method.,75,2.3044,4,1
https://openalex.org/W4389227924,https://doi.org/10.30723/ijp.v21i4.1185,Polluted Water Sensor Based on Carbon Quantum Dots/Alq3 Using Drop Casting and Spin Coating Techniques,2023,article,T11342,Carbon and Quantum Dots Applications,"Water quality sensors have recently received a lot of attention due to their impact on human health. Due to their distinct features, environmental sensors are based on carbon quantum dots (CQDs). In this study, CQDs were prepared using the electro-chemical method, where the structural and optical properties were studied. These quantum dots were used in the environmental sensor application after mixing them with three different materials: CQDs, Alq3 polymer and CQDs and Alq3 solutions using two different methods: drop casting and spin coating, and depositing them on silicon. The sensitivity of the water pollutants was studied for each case of the prepared samples after measuring the change in resistance of the samples at a temperature of 30 oC. Through the results, it was found that the highest sensitivity of sample 3 to the carbon continuous dot was in the case of the contaminant fructose and was 99.55%, while the highest sensitivity of sample 4 was for the one sensitive to the contaminant (mercury chloride) and was 81. As for sample 1, the highest sensitivity was in the case of detecting the contaminant lead chloride and was 80. The results showed that the best sensor was obtained using a spin-coating technique when the solution sample of CQDs+Alq3 was placed on a silicon slide in fructose and the sensitivity was 200%. This demonstrates the importance of quantum dots in measuring the sensitivity of water pollutants. The thin film thickness was measured to be 500 nm.",2,0.1848,2,1
https://openalex.org/W4388440314,https://doi.org/10.1016/j.commatsci.2023.112627,Tunable valley polarization in two-dimensional H-HfI2/T-VBrCl van der Waals heterostructure,2023,article,T10275,2D Materials and Applications,,1,0.0934,7,1
https://openalex.org/W1966989216,https://doi.org/10.1063/1.2076431,Shape transition of InAs quantum dots on GaAs(001),2005,article,T10022,Semiconductor Quantum Structures and Devices,"InAs quantum dots (QD’s) grown by molecular-beam epitaxy on GaAs(001) substrates were studied by atomically resolved in situ (without breaking a ultrahigh vacuum) scanning tunneling microscopy. A detailed sequence of shapes, appearing during the growth process, is evaluated: The smallest QD is terminated by {137}A bounding facets with a rhombic base. With increasing size, {1¯3¯5¯}B and {1¯1¯2¯}B facets appear in succession besides {137}A, making the QD more rounded. At a critical diameter of the base, the QD undergoes a shape transition from flat to steep by the formation of steeper {110} and {111} facets at the sides and gradually achieves a squared base. For all QD’s the {137}A facets remain on top. Almost all shapes that have been observed for InAs QD’s on GaAs(001) in earlier publications are covered.",48,4.6975,4,1
https://openalex.org/W7144850497,,Magic-T design toward reduction of crosstalk effects in RF reflectometry on quantum dot,2023,article,T10382,Quantum and electron transport phenomena,,0,0.0,8,0
https://openalex.org/W2013596196,https://doi.org/10.1103/physrevb.89.165311,Hole transport and valence-band dispersion law in a HgTe quantum well with a normal energy spectrum,2014,article,T10382,Quantum and electron transport phenomena,"The results of an experimental study of the energy spectrum of a valence band in a HgTe quantum well of width $d&lt;6.3$ nm with normal spectrum in the presence of a strong spin-orbit splitting are reported. The analysis of the temperature, magnetic field, and gate voltage dependences of the Shubnikov--de Haas oscillations allows us to restore the energy spectrum of the two valence-band branches, which are split by the spin-orbit interaction. Comparison with a theoretical calculation shows that a six-band kP theory well describes all the experimental data in the vicinity of the top of the valence band.",17,1.9786,6,1
https://openalex.org/W2041859426,https://doi.org/10.1364/oe.19.0a1211,Linear photon up-conversion of 450 meV in InGaN/GaN multiple quantum wells via Mn-doped GaN intermediate band photodetection,2011,article,T10099,GaN-based semiconductor devices and materials,"Up-converted heterostructures with a Mn-doped GaN intermediate band photodetection layer and an InGaN/GaN multiple quantum well (MQW) luminescence layer grown by metal-organic vapor-phase epitaxy are demonstrated. The up-converters exhibit a significant up-converted photoluminescence (UPL) signal. Power-dependent UPL and spectral responses indicate that the UPL emission is due to photo-carrier injection from the Mn-doped GaN layer into InGaN/GaN MQWs. Photons convert from 2.54 to 2.99 eV via a single-photon absorption process to exhibit a linear up-conversion photon energy of ~450 meV without applying bias voltage. Therefore, the up-conversion process could be interpreted within the uncomplicated energy level model.",9,1.7129,7,1
https://openalex.org/W1989306681,https://doi.org/10.1116/1.2052710,Cap layer induced stress in InAs∕(Al)GaAs quantum dots,2005,article,T10022,Semiconductor Quantum Structures and Devices,"Photoluminescence (PL) of self-assembled InAs quantum dots (QDs) on GaAs substrate with different In(Al)GaAs cap layer are studied. It is now well known that the peak position of the InAs QDs covered with InGaAs layer shifts to longer wavelength than those covered with GaAs and AlGaAs. The theoretical simulations are developed to distinguish various contributions to the wavelength shift from the dot height, strain, and barrier height of different cap layers. It reveals that most of the stress in the InAs QDs comes from the upper GaAs cap layer.",5,0.0,3,2
https://openalex.org/W2080393662,https://doi.org/10.1103/physrevb.90.085121,"Kondo model in nonequilibrium: Interplay between voltage, temperature, and crossover from weak to strong coupling",2014,article,T10382,Quantum and electron transport phenomena,"Motivated by recent advances in theoretical and experimental studies of the nonequilibrium Kondo model, the authors address the question how the differential conductance depends on the temperature and the voltage in the weak coupling, strong coupling, and crossover regimes. They develop a variant of the real time renormalization group approach to study the non-equilibrium transport at zero magnetic field through a quantum dot.",31,2.175,3,1
https://openalex.org/W1978849409,https://doi.org/10.1103/physrevb.83.115321,"Carrier localization mechanisms in In<mml:math xmlns:mml=""http://www.w3.org/1998/Math/MathML"" display=""inline""><mml:mrow><mml:msub><mml:mrow/><mml:mrow><mml:mi>x</mml:mi></mml:mrow></mml:msub></mml:mrow></mml:math>Ga<mml:math xmlns:mml=""http://www.w3.org/1998/Math/MathML"" display=""inline""><mml:mrow><mml:msub><mml:mrow/><mml:mrow><mml:mn>1</mml:mn><mml:mo>−</mml:mo><mml:mi>x</mml:mi></mml:mrow></mml:msub></mml:mrow></mml:math>N/GaN quantum wells",2011,article,T10099,GaN-based semiconductor devices and materials,"Localization lengths of the electrons and holes in InGaN/GaN quantum wells have been calculated using numerical solutions of the effective mass Schr\""odinger equation. We have treated the distribution of indium atoms as random and found that the resultant fluctuations in alloy concentration can localize the carriers. By using a locally varying indium concentration function we have calculated the contribution to the potential energy of the carriers from band gap fluctuations, the deformation potential, and the spontaneous and piezoelectric fields. We have considered the effect of well width fluctuations and found that these contribute to electron localization, but not to hole localization. We also simulate low temperature photoluminescence spectra and find good agreement with experiment.",177,11.7944,7,1
https://openalex.org/W1975309937,https://doi.org/10.12693/aphyspola.126.374,Andreev Reflection in Transport Through a Quantum Dot Interacting With a Polaron,2014,article,T10382,Quantum and electron transport phenomena,Spin-dependent tunneling through a quantum dot coupled to one ferromagnetic and one superconducting electrodes is studied theoretically in the Andreev reection (AR) regime. Spectral functions for the system are calculated in terms of the nonequilibrium Green function technique. Eects due to interplay between the Coulomb correlations on the dot and the local phonon mode in the context of the AR transmission are analyzed.,5,0.4358,2,1
https://openalex.org/W2963222671,https://doi.org/10.1109/pvsc.2017.8366686,Hot Carrier Transportation Dynamics in InAs/GaAs Quantum Dot Solar Cell,2017,article,T10321,Quantum Dots Synthesis And Properties,"The hot carrier dynamics and its effect on the device performance of GaAs solar cell and InAs/GaAs quantum dot solar cell (QDSC) was investigated. At first, the fundamental operation feature of conventional hot carrier solar cell was simulated based on the detailed balance thermodynamic model. Then we investigated the hot carrier dynamics in the normal pn junction based solar cell using hydrodynamic/energy Boltzmann transportation model (HETM) where the two temperature (carrier temperature and lattice temperature are treated separately. For the first time, we report an inherent quasi-equivalence between the detailed balance model and HETM model. The inter-link revealed here addresses the energy conservation law used in the detailed balance model from different angle and it paves a way toward an alternative approach to curtail the selective contact constraints used in the conventional hot carrier solar cell. In simulation, a specially designed InAs/GaAs quantum dot solar cell was used in the simulation. By varying the hot carrier energy relaxation time τ <sub xmlns:mml=""http://www.w3.org/1998/Math/MathML"" xmlns:xlink=""http://www.w3.org/1999/xlink"">w</sub> , an increase in the open circuit voltage V <sub xmlns:mml=""http://www.w3.org/1998/Math/MathML"" xmlns:xlink=""http://www.w3.org/1999/xlink"">οc</sub> was clearly found with the increase of τ <sub xmlns:mml=""http://www.w3.org/1998/Math/MathML"" xmlns:xlink=""http://www.w3.org/1999/xlink"">w</sub> . Detailed analysis was presented regarding the spatial distribution of hot carrier temperature and its interplay with electric field and three hot carrier recombination processes (Auger, SRH and radiative).",0,0.0,5,1
https://openalex.org/W1991595967,https://doi.org/10.1103/physrevb.75.035324,"Time-resolved cathodoluminescence study of carrier relaxation, transfer, collection, and filling in coupled<mml:math xmlns:mml=""http://www.w3.org/1998/Math/MathML"" display=""inline""><mml:mrow><mml:msub><mml:mi mathvariant=""normal"">In</mml:mi><mml:mi>x</mml:mi></mml:msub><mml:msub><mml:mi mathvariant=""normal"">Ga</mml:mi><mml:mrow><mml:mn>1</mml:mn><mml:mo>−</mml:mo><mml:mi>x</mml:mi></mml:mrow></mml:msub><mml:mi mathvariant=""normal"">N</mml:mi><mml:mo>∕</mml:mo><mml:mi mathvariant=""normal"">Ga</mml:mi><mml:mi mathvariant=""normal"">N</mml:mi></mml:mrow></mml:math>multiple and single quantum wells",2007,article,T10099,GaN-based semiconductor devices and materials,"We have examined in detail the optical properties and carrier capture dynamics of coupled ${\mathrm{In}}_{x}{\mathrm{Ga}}_{1\ensuremath{-}x}\mathrm{N}∕\mathrm{Ga}\mathrm{N}$ multiple and single quantum well (MQW and SQW) structures that possess various numbers of QWs in the confinement region adjacent to a SQW. The aim is to study the influence of the structure of an InGaN MQW confinement region on carrier transfer and collection into a coupled SQW. By applying in a complementary way temperature- and excitation-dependent cathodoluminescence (CL) spectroscopy and time-resolved CL measurements, we have analyzed the carrier dynamics and state filling in the SQW and the adjacent MQW. We solved self-consistently the nonlinear Poisson-Schr\""odinger equation for wurtzite materials including strain, deformation potentials, and piezoelectric field of our ${\mathrm{In}}_{x}{\mathrm{Ga}}_{1\ensuremath{-}x}\mathrm{N}∕\mathrm{Ga}\mathrm{N}$ single and multiple QW structures to obtain the excitation-dependent eigenstates that are used to calculate band filling, excitonic lifetimes, and exciton binding energies. We show that it is possible to treat a coupled ${\mathrm{In}}_{x}{\mathrm{Ga}}_{1\ensuremath{-}x}\mathrm{N}$ single and multiple QW system in a way that allows for a determination of the quasi-Fermi levels, carrier densities in separated QWs, luminescence efficiencies, thermal activation energies for carrier transfer, and carrier capture and recombination rates. We demonstrate in this unique method an improved determination of the piezoelectric field and In composition $x$ by a non-contact optical means alone. The results demonstrate an enhanced luminescence efficiency and yet decreased carrier capture rate by the SQW as the number of QWs increases in the adjacent MQW confinement region.",21,1.8588,4,2
https://openalex.org/W3161655492,,Shapiro Steps and Negative Absolute Resistance in Microwave-Driven Shunted Josephson Junctions,2021,article,T10425,Cold Atom Physics and Bose-Einstein Condensates,,0,0.0,5,0
https://openalex.org/W1986565279,https://doi.org/10.1134/s0021364007190113,Bonding state of a hole in Ge/Si double quantum dots,2007,article,T10022,Semiconductor Quantum Structures and Devices,"The emission of holes from the bonding state of diatomic artificial molecules formed by vertically coupled Ge/Si(001) quantum dots is studied by the admittance spectroscopy method. It is found that, when the thickness of the Si barrier between Ge quantum dots exceeds 2.5 nm, the binding energy of a hole in an artificial molecule becomes smaller than the ionization energy of a single quantum dot. This result contradicts the predictions of the quantum-mechanical model of molecular bonds and testifies to the crucial role of mechanical stresses in the formation of the bonding orbital in a system of elastically stressed quantum dots.",6,0.4973,3,1
https://openalex.org/W4220763253,https://doi.org/10.1002/adma.202201387,Scalable Synthesis of Monolayer Hexagonal Boron Nitride on Graphene with Giant Bandgap Renormalization,2022,article,T10083,Graphene research and applications,"Monolayer hexagonal boron nitride (hBN) has been widely considered a fundamental building block for 2D heterostructures and devices. However, the controlled and scalable synthesis of hBN and its 2D heterostructures has remained a daunting challenge. Here, an hBN/graphene (hBN/G) interface-mediated growth process for the controlled synthesis of high-quality monolayer hBN is proposed and further demonstrated. It is discovered that the in-plane hBN/G interface can be precisely controlled, enabling the scalable epitaxy of unidirectional monolayer hBN on graphene, which exhibits a uniform moiré superlattice consistent with single-domain hBN, aligned to the underlying graphene lattice. Furthermore, it is identified that the deep-ultraviolet emission at 6.12 eV stems from the 1s-exciton state of monolayer hBN with a giant renormalized direct bandgap on graphene. This work provides a viable path for the controlled synthesis of ultraclean, wafer-scale, atomically ordered 2D quantum materials, as well as the fabrication of 2D quantum electronic and optoelectronic devices.",44,3.0164,18,1
https://openalex.org/W1973706467,https://doi.org/10.1117/12.852598,Flexible solar cells for micro-autonomous systems technology,2010,article,T10022,Semiconductor Quantum Structures and Devices,"Insensitivity to edge recombination is observed in GaAs-based InAs/InGaAs quantum dots-in-a-well (DWELL) solar cells by comparing their current-voltage (IV) plot to GaAs control samples. The edge recombination current component is extracted by analyzing devices of different areas and then compared to DWELL cells of comparable dimensions. The results demonstrate that GaAs-based solar cells incorporating a DWELL design are relatively insensitive to edge recombination by suppressing lateral diffusion of carriers in the intrinsic layer, and thus promising for applications that require small area devices such as concentration or flexible surfaces. Preliminary studies on the integration of these cells onto flexible surfaces such as Kapton and nanopaper are discussed including weight considerations for all the integrated materials.",2,0.0,7,1
https://openalex.org/W4280588254,https://doi.org/10.1021/acs.jpcc.1c10654,Signatures of Spin–Orbit Coupling and Charge Localization in CrIr<sub>2</sub>Sn<sub>10</sub>: A Scanning Tunneling Microscopic Study,2022,article,T10657,Topological Materials and Phenomena,"Magnetic topological insulators and semimetals have become an import branch in the study of topological materials. Topological materials with intrinsic magnetism are superior for better quality and performances. Here, we report a scanning tunneling microscopic study of CrIr2Sn10, a newly synthesized material as a candidate for magnetic topological semimetals. Sn and Cr surface terminations are identified with distinctive spectroscopic characters. Charge localization is signified by the density of states peak near −200 meV that is consistent with the flat band dispersion in density functional theory calculations. The electron correlations are further evidenced by the particle–hole asymmetry in the background of the differential conductance spectrum. The insertion of Cr layers not only introduces ferromagnetism in the material but also breaks the local inversion symmetry of the Sn-Ir-Sn unit structure compared with IrSn4. The spin–orbit coupling thus induced/enhanced is essential to the band topologies. Our findings suggest that CrIr2Sn10 could be an ideal platform for exploring the symmetry-protected topological phases and their interplay with electron correlation and magnetism.",0,0.0,12,1
https://openalex.org/W281578542,https://doi.org/10.1021/acs.nanolett.5b00392,High-Power Genuine Ultraviolet Light-Emitting Diodes Based On Colloidal Nanocrystal Quantum Dots,2015,article,T10321,Quantum Dots Synthesis And Properties,"Thin-film ultraviolet (UV) light-emitting diodes (LEDs) with emission wavelengths below 400 nm are emerging as promising light sources for various purposes, from our daily lives to industrial applications. However, current thin-film UV-emitting devices radiate not only UV light but also visible light. Here, we introduce genuine UV-emitting colloidal nanocrystal quantum dot (NQD) LEDs (QLEDs) using precisely controlled NQDs consisting of a 2.5-nm-sized CdZnS ternary core and a ZnS shell. The effective core size is further reduced during the shell growth via the atomic diffusion of interior Cd atoms to the exterior ZnS shell, compensating for the photoluminescence red shift. This design enables us to develop CdZnS@ZnS UV QLEDs with pure UV emission and minimal parasitic peaks. The irradiance is as high as 2.0-13.9 mW cm(-2) at the peak wavelengths of 377-390 nm, several orders of magnitude higher than that of other thin-film UV LEDs.",117,7.2118,6,1
https://openalex.org/W2128819690,https://doi.org/10.1002/pssc.200303044,Spectral tuning of the coupling between isolated InAs quantum dots and the fundamental micropost cavity mode,2003,article,T10022,Semiconductor Quantum Structures and Devices,The emission from two InAs quantum dots is coupled to the fundamental cavity mode of a micropost cavity. The emission from each quantum dot is spectrally separated by approximately 2 nm. By adjusting the sample temperature the single exciton emission from each quantum dot is spectrally tuned in and out of resonance with the cavity mode. The ratio of the spontaneous emission decay rate at on and off resonance conditions is nearly 4 for both quantum dots.,0,0.0,3,3
https://openalex.org/W2091628133,https://doi.org/10.1016/j.mejo.2005.06.014,Optical properties of (001) GaN/AlN quantum wells,2005,article,T10099,GaN-based semiconductor devices and materials,,9,0.0,3,2
https://openalex.org/W1908488649,https://doi.org/10.1142/s0217979215502033,Accurate reliability analysis method for quantum-dot cellular automata circuits,2015,article,T13182,Quantum-Dot Cellular Automata,"Probabilistic transfer matrix (PTM) is a widely used model in the reliability research of circuits. However, PTM model cannot reflect the impact of input signals on reliability, so it does not completely conform to the mechanism of the novel field-coupled nanoelectronic device which is called quantum-dot cellular automata (QCA). It is difficult to get accurate results when PTM model is used to analyze the reliability of QCA circuits. To solve this problem, we present the fault tree models of QCA fundamental devices according to different input signals. After that, the binary decision diagram (BDD) is used to quantitatively investigate the reliability of two QCA XOR gates depending on the presented models. By employing the fault tree models, the impact of input signals on reliability can be identified clearly and the crucial components of a circuit can be found out precisely based on the importance values (IVs) of components. So this method is contributive to the construction of reliable QCA circuits.",2,0.0,5,1
https://openalex.org/W3167347714,,Size-dependent optical characterization of InGaN/GaN multi quantum well based nanopillars fabricated by Hydrogen Environment Anisotropic Thermal Etching (HEATE),2018,article,T10099,GaN-based semiconductor devices and materials,,0,0.0,7,0
https://openalex.org/W2889091047,https://doi.org/10.1021/acsami.8b09442,Broad-Band High-Sensitivity ZnO Colloidal Quantum Dots/Self-Assembled Au Nanoantennas Heterostructures Photodetectors,2018,article,T10090,ZnO doping and properties,"Tunable plasmonic resonance induced by the collective oscillation of the electrons on metallic nanostructures can excellently enhance the light response of ZnO films, which provides an effective way to break through the limitation of the performance of ZnO photodetectors. Here, broad-band high-performance ZnO/Au heterostructures photodetectors with various morphologies of self-assembled Au nanoantennas are fabricated via a facile approach under the spin-coated ZnO colloidal quantum dots films. With a systematic control on growth condition, the self-assembled Au nanoantennas undergo a drastic evolution from the corrugated nanomounds to the island-like nanostructures, and the light absorption of the resulting ZnO/Au heterostructures correspondingly exhibits a strongly morphological dependence on the Au nanoantennas. Meanwhile, the photoresponse of the ZnO-based photodetectors is significantly improved throughout a wide spectrum between UV and visible regions owing to the enhanced light absorption induced by the localized surface plasmon resonance. As a result, the optimal switch ratio of the ZnO/Au heterostructures photodetector increases by 1 order to ∼1.13 × 105 than that of the pristine ZnO one because of the obviously increased photocurrent (Iph) and comparable dark current, thus leading to ∼9.1 and ∼4.9 times increases in the photoresponsivity and the normalized detectivity. Meanwhile, the significant increases in the Iph of ∼5.2 and ∼9.7 times are likewise observed with the ZnO/Au heterostructures under 530 nm and white-light illumination. This work can offer a handy and effective approach for the fabrication of ultrasensitive ZnO-based photodetectors within a broad-band wavelength by utilizing the Au plasmonic nanostructures.",61,2.7711,8,1
https://openalex.org/W3210422685,https://doi.org/10.1364/prj.441278,Photonic topological transition in dimerized chains with the joint modulation of near-field and far-field couplings,2021,article,T10657,Topological Materials and Phenomena,"Topological systems containing near-field or far-field couplings between unit cells have been widely investigated in quantum and classic systems. Their band structures are well explained with theories based on tight-binding or multiple scattering formalism. However, characteristics of the topology of the bulk bands based on the joint modulation of near-field and far-field couplings are rarely studied. Such hybrid systems are hardly realized in real systems and cannot be described by neither tight-binding nor multiple scattering theories. Here, we propose a hybrid-coupling photonic topological insulator based on a quasi-1D dimerized chain with the coexistence of near-field coupling within the unit cell and far-field coupling among all sites. Both theoretical and experimental results show that topological transition is realized by introducing near-field coupling for given far-field coupling conditions. In addition to closing and reopening the bandgap, the change in near-field coupling modulates the effective mass of photonics in the upper band from positive to negative, leading to an indirect bandgap, which cannot be achieved in conventional dimerized chains with either far-field or near-field coupling only.",6,0.8976,7,1
https://openalex.org/W2072313647,https://doi.org/10.1088/0268-1242/20/6/020,Improving high-temperature performance in continuous-wave mode InGaAsN/GaAsN ridge waveguide lasers,2005,article,T10099,GaN-based semiconductor devices and materials,"Continuous-wave (CW) mode operation InGaAsN/GaAsN double-quantum-well lasers with a laser wavelength of 1.295 µm are demonstrated by metal-organic chemical vapour deposition (MOCVD). With the use of a high-bandgap GaAs0.9P0.1 into the active region before the growth of p-type layers, a room temperature (RT) threshold current of 99 mA and the characteristic temperature (T0) values of 155 K in a temperature range of 25–95 °C and 179 K in a temperature range of 25–85 °C are obtained from a 4 × 1000 µm2 ridge waveguide uncoated laser diode. The T0 value of the conventional structure without the high-bandgap GaAs0.9P0.1 is 118 K in a temperature range of 25–95 °C. High-temperature performance is improved and the results of numerical analysis suggest that it may be attributed to the reduced electronic leakage current.",2,0.2713,5,1
https://openalex.org/W3193816838,https://doi.org/10.18596/jotcsa.959577,Effect of nitrogen precursor on optical properties of hexagonal Boron Nitride quantum dots,2021,article,T11342,Carbon and Quantum Dots Applications,"Boron nitride quantum dots (BNQDs) are of high interest with their excellent photophsiycal and structural characteristics. BNQDs can be synthesized through hydrothermal synthesis methods with different nitrogen precursors, however, until now the optical properties of BNQDS synthesized with different nitrogen precursors have not been compared in details yet. In this study, BNQDS were synthesized through hydrothermal synthesis methods by using urea, melamine and thiourea as nitrogen precursors and optical properties of BNQDS were compared by comparing emission and excitation characteristics of each BNQD synthesized by different nitrogen precursor. Structural properties of BNQDs were compared through infrared spectrum of each BNQDs. Our results revealed that the change in nitrogen precursor causes significant differences in photophysical and structural properties of BNQDs.",4,0.1602,2,1
https://openalex.org/W2953273140,https://doi.org/10.1103/physrevb.99.140413,Signatures of magnetic-field-driven quantum phase transitions in the entanglement entropy and spin dynamics of the Kitaev honeycomb model,2019,article,T11682,Advanced Condensed Matter Physics,"The main question we address is how to probe the fractionalized excitations of a quantum spin liquid (QSL), for example, in the Kitaev honeycomb model. By analyzing the energy spectrum and entanglement entropy, for antiferromagnetic couplings and a field along either [111] or [001], we find a gapless QSL phase sandwiched between the non-Abelian Kitaev QSL and polarized phases. Increasing the field strength towards the polarized limit destroys this intermediate QSL phase, resulting in a considerable reduction in the number of frequency modes and the emergence of a beating pattern in the local dynamical correlations, possibly observable in pump-probe experiments.",44,5.3119,3,1
https://openalex.org/W2051346805,https://doi.org/10.1088/1674-1056/19/12/127402,Nonlocal Andreev reflection with Rashba spin—orbital interaction in a triple-quantum-dot ring,2010,article,T10382,Quantum and electron transport phenomena,"We theoretically studied the nonlocal Andreev reflection with Rashba spin—orbital interaction in a triple-quantum-dot (QD) ring, which is introduced as Rashba spin—orbital interaction to act locally on one component quantum dot. It is found that the electronic current and spin current are sensitive to the systematic parameters. The interdot spin-flip term does not play a leading role in causing electronic and spin currents. Otherwise the spin precessing term leads to shift of the peaks of the the spin-up and spin-down electronic currents in different directions and results in the spin current. Moreover, the spin-orbital interaction suppresses the nonlocal Andreev reflection, so we cannot obtain the pure spin current.",1,0.217,3,0
https://openalex.org/W2129911859,https://doi.org/10.1002/bio.2859,Fluorescent probe for detection of Cu<sup>2+</sup> using core‐shell CdTe/ZnS quantum dots,2015,article,T10321,Quantum Dots Synthesis And Properties,"Core-shell CdTe/ZnS quantum dots capped with 3-mercaptopropionic acid (MPA) were successfully synthesized in aqueous medium by hydrothermal synthesis. These quantum dots have advantages compared to traditional quantum dots with limited biological applications, high toxicity and tendency to aggregate. The concentration of Cu(2+) has a significant impact on the fluorescence intensity of quantum dots (QDs), therefore, a rapid sensitive and selective fluorescence probe has been proposed for the detection of Cu(2+) in aqueous solution. Under optimal conditions, the fluorescence intensity of CdTe/ZnS QDs was linearly proportional to the concentration of Cu(2+) in the range from 2.5 × 10(-9) M to 17.5 × 10(-7) M with the limit of 1.5 × 10(-9) M and relative standard deviation of 0.23%. The quenching mechanism is static quenching with recoveries of 97.30-102.75%.",33,1.6847,6,1
https://openalex.org/W2032857626,https://doi.org/10.1134/s1063776112030144,Properties of planar Nb/α-Si/Nb Josephson junctions with various degrees of doping of the α-Si layer,2012,article,T10037,Physics of Superconductivity and Magnetism,The properties of Nb/α-Si/Nb planar Josephson junctions with various degrees of doping of the amorphous silicon layer are experimentally studied. Tungsten is used as a doping impurity. The properties of the Josephson junctions are shown to change substantially when the degree of doping of the α-Si layer changes: a current transport mechanism and the shape of the current-voltage characteristic of the junctions change. Josephson junctions with SNS-type conduction are formed in the case of a fully degenerate α-Si layer. The properties of such junctions are described by a classical resistive model. Josephson junctions with a resonance mechanism of current transport through impurity centers are formed at a lower degree of doping of the α-Si layer. The high-frequency properties of such junctions are shown to change. The experimental results demonstrate that these junctions are close to SINIS-type Josephson junctions.,32,1.1269,3,2
https://openalex.org/W4221156333,https://doi.org/10.1088/1361-648x/ac6d3a,Nonunitary superconductivity in complex quantum materials,2022,article,T10037,Physics of Superconductivity and Magnetism,"We revisit the concept of nonunitary superconductivity and generalize it to address complex quantum materials. Starting with a brief review of the notion of nonunitary superconductivity, we discuss its spectral signatures in simple models with only the spin as an internal degree of freedom. In complex materials with multiple internal degrees of freedom, there are many more possibilities for the development of nonunitary order parameters. We provide examples focusing on d-electron systems with two orbitals, applicable to a variety of materials. We discuss the consequences for the superconducting spectra, highlighting that gap openings of band crossings at finite energies can be attributed to a nonunitary order parameter if this is associated with a finite superconducting fitness matrix. We speculate that nonunitary superconductivity in complex quantum materials is in fact very common and can be associated with multiple cases of recently reported time-reversal symmetry breaking superconductors.",0,0.0,1,1
https://openalex.org/W3169904161,https://doi.org/10.36463/idw.2020.0767,Colloidal Quantum Dot Enhanced Micro LEDs,2020,article,T10321,Quantum Dots Synthesis And Properties,,0,0.0,6,0
https://openalex.org/W2342242652,https://doi.org/10.1103/physrevlett.114.077002,Measurement of Critical Currents of Superconducting Aluminum Nanowires in External Magnetic Fields: Evidence for a Weber Blockade,2015,article,T10037,Physics of Superconductivity and Magnetism,"We have studied the critical current as a function of magnetic field in short and narrow superconducting aluminum nanowires. In the range of magnetic fields in which vortices can enter a nanowire in a single row, we find regular oscillations of the critical current as a function of magnetic field, with each oscillation corresponding to adding a single vortex to the nanowire. In this regime, the nanowires behave as quantum dots for vortices. As a function of current and magnetic field, we find diamond-shaped regions in which the resistance is zero and the number of vortices is fixed.",25,2.8436,5,1
https://openalex.org/W2894801823,https://doi.org/10.1109/tns.2018.2872582,Multiple Angle Analysis of 30-MeV Silicon Ion Beam Radiation Effects on InGaN/GaN Multiple Quantum Wells Blue Light-Emitting Diodes,2018,article,T10099,GaN-based semiconductor devices and materials,"High-resolution X-ray diffraction, temperature-dependent photoluminescence (PL), time-resolved PL, and positron annihilation spectroscopy are employed to investigate the degradation mechanism of InGaN/GaN multiple quantum wells (MQWs) light-emitting diodes (LEDs) under silicon ion irradiation. Reduction of the quantum-confined Stark effect due to crystalline strain relaxation, enhancement of indium localization due to thermal spike, generation of nonradiative recombination centers (NRCs), and carrier removal effect due to atom displacement are revealed to be critical factors in LEDs postirradiation performance. New NRCs are proven to be the main reason for the degradation of the internal quantum efficiency of MQWs. The increase of the threshold voltage and leakage current in LEDs are caused by the carrier removal effect and new defects in bandgap induced by radiation. In addition, new NRCs are found to appear earlier than indium localization and carrier removal effect with increasing silicon ion fluence. Atom displacement defects are revealed to be located mainly in p-type GaN and MQWs layers. Radiation-induced nitrogen vacancies are considered compensation donors in p-type GaN, whereas all other nitrogen and gallium-related defects are NRCs in MQWs.",17,1.483,15,1
https://openalex.org/W3144583345,https://doi.org/10.1016/s0304-8853(03)01385-4,Generic mechanisms of decoherence of quantum oscillations in magnetic double-well systems,2004,article,T10382,Quantum and electron transport phenomena,,0,0.0,1,1
https://openalex.org/W2760974310,https://doi.org/10.17485/ijst/2017/v10i34/113533,Robust Coplanar Bus with Unique Modular Design for Quantum-dot Cellular Automata,2017,article,T13182,Quantum-Dot Cellular Automata,"Objective: The proposed designs have been implemented in order to exploit the properties of Quantum Dot Cellular Automata majority voting to consent a modular robust crossing of wires. Methods/Statistical Analysis: Three structures namely 4x4, 5x5 and 8x8 coplanar buses with unique modular design in quantum dot cellular automata have been presented and the operation of these structures has been tested by QCA Designer Simulation Tool. These unique structures present a modus operandi for designing the modified robust coplanar bus with unique modular approach in nanotechnology. Findings: The proposed modular coplanar structures allow number of coplanar wires to cross without signal degradation and signal loss until information propagates the output. Compared to the reported literature, the proposed design has following advantages; • Unique modular approach in which wires can be intersected on the single layer without any intrusion or crosstalk. • High output polarity, fault tolerant capabilities, modular approach and robustness which makes it more efficient without any interference; • Use of sequential clock which makes it easier to understand and manufacture; • The signal and its counterpart can be simply taken out together due to the alternating polarization. • Proper use of clocking phase pairs in a traversed manner in order to permit the accurate propagation of signals. • Cells are evenly disseminated into the clocking zones which are implemented that the unusable spaces can be as small as feasible. • It has been concluded that it is easy to increase the number of inputs by adding the suitable layers with proposed unique modular approach. Application/Improvements: Starting from lowest number of inputs, it is easy to extend the proposed designs to large and then larger number of inputs by adding suitable layers which will prove efficient to tolerate various faults during the manufacturing process. Keywords: Coplanar Crossing, Fault Tolerant Computing, Modular, Nanotechnology, Quantum-dot Cellular Automata, Robust",0,0.0,6,1
https://openalex.org/W3149954949,https://doi.org/10.1002/smll.200990120,Quantum dots: Small 1/2010,2009,article,T10321,Quantum Dots Synthesis And Properties,"The cover picture shows a pathology image of a tissue from Sprague–Dawley rats exposed to quantum dots (shown as green and red glowing spheres) after intravenous injection for toxicity analysis. The results show that ZnS-capped CdSe quantum-dot formulation does not induce a toxic response to the animal, despite the slow degradation of quantum dots in vivo. Previous studies show that metabolized quantum dots are toxic to cell cultures; in contrast, these results show that the toxicity of nanoparticles in vivo may differ in vitro. By surveying different quantum-dot compositions, sizes, and surface chemistry in animal models, the toxicity of quantum dots can be determined. For more information, please read the Full Paper “In vivo Quantum–Dot Toxicity Assessment” by W. C. W. Chan et al., beginning on page 138.",0,0.0,5,1
https://openalex.org/W4205892671,https://doi.org/10.3390/molecules27010301,"Schemes for Single Electron Transistor Based on Double Quantum Dot Islands Utilizing a Graphene Nanoscroll, Carbon Nanotube and Fullerene",2022,article,T10083,Graphene research and applications,"The single electron transistor (SET) is a nanoscale switching device with a simple equivalent circuit. It can work very fast as it is based on the tunneling of single electrons. Its nanostructure contains a quantum dot island whose material impacts on the device operation. Carbon allotropes such as fullerene (C60), carbon nanotubes (CNTs) and graphene nanoscrolls (GNSs) can be utilized as the quantum dot island in SETs. In this study, multiple quantum dot islands such as GNS-CNT and GNS-C60 are utilized in SET devices. The currents of two counterpart devices are modeled and analyzed. The impacts of important parameters such as temperature and applied gate voltage on the current of two SETs are investigated using proposed mathematical models. Moreover, the impacts of CNT length, fullerene diameter, GNS length, and GNS spiral length and number of turns on the SET’s current are explored. Additionally, the Coulomb blockade ranges (CB) of the two SETs are compared. The results reveal that the GNS-CNT SET has a lower Coulomb blockade range and a higher current than the GNS-C60 SET. Their charge stability diagrams indicate that the GNS-CNT SET has smaller Coulomb diamond areas, zero-current regions, and zero-conductance regions than the GNS-C60 SET.",4,0.3015,4,2
https://openalex.org/W2051539130,https://doi.org/10.1016/j.socscimed.2004.08.049,The value of a critical ethnographic engagement: comments on the social production of health,2004,article,T10382,Quantum and electron transport phenomena,,2,0.2345,1,1
https://openalex.org/W1980983946,https://doi.org/10.1063/1.2970957,Resonant tunneling through double-bended graphene nanoribbons,2008,article,T10083,Graphene research and applications,"We investigate theoretically resonant tunneling through double-bended graphene nanoribbon (GNR) structures, i.e., armchair-edged GNRs (AGNRs) in between two semi-infinite zigzag GNR leads. Our numerical results demonstrate that the resonant tunneling can be tuned dramatically by the Fermi energy and the length and/or widths of the AGNR for both the metallic and semiconductorlike AGNRs. The structure can also be use to control the valley polarization of the tunneling currents and could be useful for potential application in valleytronics devices.",53,3.3091,3,2
https://openalex.org/W1992748981,https://doi.org/10.1364/cleo.2009.jthe19,Fabrication of highly stacked quantum dot laser,2009,article,T10022,Semiconductor Quantum Structures and Devices,We fabricated broad-area laser diodes containing highly stacked InAs quantum dots (QDs) using the strain-compensation technique; these diodes showed laser emission at 1529 nm in pulsed mode with a threshold current of 517.5 mA.,1,0.2283,3,1
https://openalex.org/W2000043459,https://doi.org/10.1002/ppsc.201300252,Graphene Quantum Dots,2013,article,T11342,Carbon and Quantum Dots Applications,"Graphene quantum dots (GQDs) are nanometer‐sized fragments of graphene that show unique properties, which makes them interesting candidates for a whole range of new applications. This review article gives an overview of the synthesis, properties and applications of GQDs. Synthesis methods discussed include top‐down and bottom‐up approaches. Properties such as luminescence up‐ and down‐conversion have been used in applications ranging from energy conversion to bio‐analytics. This article provides an overview of the state‐of‐the‐art and highlights promising findings as well as potential future directions of the research field.",980,26.0876,3,1
https://openalex.org/W3020430285,,Thickness-Dependent Phase Stability and Electronic Properties of GaN Nanosheets and MoS₂/GaN van der Waals Heterostructures,2019,article,T10275,2D Materials and Applications,"The formation of GaN-based heterostructures is essential for optoelectronic applications, but it is greatly limited by the traditional heteroepitaxial method due to the impact of lattice mismatch. Integrating two-dimensional layered semiconductors (e.g., MoS₂) on GaN surface into van der Waals (vdW) heterostructures can effectively overcome the constraint of lattice mismatch but also create the possibility to induce novel electronic and optical properties due to size and interface effects. Here we report the thickness effect on the structural, electronic, and optical properties of GaN nanosheets and MoS₂/GaN van der Waals heterostructures based on hybrid density functional theory calculations. Our results demonstrate the thickness-driven structural transitions of GaN nanosheets from the wurtzite, to the haeckelite, to the graphitic phase, which is accompanied by a direct-to-indirect band gap transition. The integration of a MoS₂ monolayer on GaN nanosheets into MoS₂/GaN vdW heterostructures exhibits the strong thickness dependence of the band gap, band alignment, and optical absorption coefficient. Overall, two-dimensional MoS₂/GaN vdW heterostructures possess moderate band gaps (1.35–1.7 eV), type II band alignment, and large visible-light absorption coefficients, which make them potential candidates for photovoltaic and photocatalytic applications.",0,0.0,6,0
https://openalex.org/W2078366873,https://doi.org/10.1103/physrevb.78.165327,Theory of the energy-spectrum dependence of the electronic thermoelectric tunneling coefficients of a quantum dot,2008,article,T10440,Advanced Thermoelectric Materials and Devices,"The effect of the energy spectrum of a quantum dot on the electron conductance, thermopower, and thermal conductance when the dot is weakly coupled to two electron reservoirs is investigated within the sequential tunneling regime. The cases of nonequidistant and/or of degenerate energy levels spectrum are considered. Analytical formalism for the transport coefficients is derived that provides interpretation of the physical behavior of the system in the quantum regime where the discreteness of the energy spectrum of the quantum dot plays a major role in transport properties. The derived formalism refers to a general case of energy spectrum, and it can be therefore applied to real cases such as nanocrystals and molecules. It is found that the details of the energy spectrum more drastically affect the magnitude of the electron thermal conductance at low temperatures. Depending on the charging state of the quantum dot, the thermoelectric efficiency could be tuned.",28,2.0346,1,1
https://openalex.org/W3207434151,https://doi.org/10.6023/a21070333,Synthesis of Ag<sub>2</sub>S Based Quantum Dots with Near-infrared-II Fluorescence Emission in Water,2021,article,T10321,Quantum Dots Synthesis And Properties,,5,0.3943,8,0
https://openalex.org/W2310695105,,Quantum Hall Effect on Surface States of Topological Insulator (Bi$_{\mathrm{1-x}}$Sb$_{\mathrm{x}}$)$_{2}$Te$_{3}$ Thin Films,2015,article,T10657,Topological Materials and Phenomena,,0,0.0,9,0
https://openalex.org/W2032326134,https://doi.org/10.1002/cjoc.201090010,Fluorescence Labeling and Determination of Pepsin with CdSe Quantum Dots,2009,article,T10321,Quantum Dots Synthesis And Properties,"Abstract Based on the solid phase/liquid deposition CdSe quantum dots (QD) were synthesized using selenium and cadmium‐salt as precursor at room temperature. The average diameter of CdSe QD estimated from the high resolution transmission electron microscopy (HRTEM) graph and absorption spectra was ca . 3–3.5 nm. The mercaptoacetic‐acid stabilized CdSe QD exhibited ultraviolet absorption at 350 and 380 nm and strong fluorescence emission at 481.6 nm, respectively. When conjugated with pepsin, the fluorescence peak intensity of CdSe QD decreased considerably and the fluorescence peak shifted to 467.2 nm. Under optimal conditions, a concentration in 5–50 mg· L −1 of pepsin could be determined on the basis of fluorescence decrease ratio of CdSe QD, with a detection limit 3 δ of 0.36 mg·L −1 ( n =10). The proposed method was applied to detection of the concentration of pepsin in human gastric juice.",5,0.0,4,1
https://openalex.org/W4295955909,https://doi.org/10.1107/s2053273322098151,Tuning magnetism with pressure in honeycomb and square lattice iridates,2022,article,T11682,Advanced Condensed Matter Physics,"The connection between quantum spin liquids and possible routes to high Tc superconductivity and topological quantum computing has led to a flurry of activity aimed at generating and detecting these unusual quantum states. Realizing this elusive state of matter in real materials is challenging as it requires fine tuning of exchange (magnetic) interactions to drive a frustrated, dynamically disordered, magnetic state. Unlike chemical doping, applied pressure has the ability to tune interatomic distances and bond angles without adding structural disorder hence providing a unique pathway to balancing exchange interactions and stabilizing exotic magnetic states. Iridates with honeycomband square-lattice structures are potential candidates to host quantum spin liquid states, a result of strong spin-orbit coupling and/or large spatial extent of 5d orbitals. We search for possible emergence of spin liquid ground states in Li2IrO3 and Sr2IrO4 under the application of external pressure using polarization-dependent x-ray resonant magnetic scattering and x-ray magnetic circular dichroism measurements.",0,0.0,1,0
https://openalex.org/W2773770719,https://doi.org/10.1063/1.5002728,One-way transmission of electrons on the topological insulator surface modulated by magnetic potential,2017,article,T10657,Topological Materials and Phenomena,"We investigate the transport properties of Dirac fermions on the surface of a three-dimensional topological insulator (TI) with magnetic modulation potentials. By using the transfer-matrix method, the transmission coefficients are obtained as a function of incident energy and incident angle. It is shown that the forward and backward propagating carriers possess different transmission coefficients at some incident energies when the charge carriers incident obliquely, which originates from the break of time reversal symmetry. Particularly, the magnetic barrier introduces asymmetric scattering; thus, the scattered angles are different for the forward and backward propagating carriers. As a consequence, the transmission in one direction is permitted while it is blocked in its reversal direction. Therefore, the unidirectional transmission of electrons is achieved on the surface of TI. Furthermore, unidirectional transmission is demonstrated by the electronic charge distributions in the system. The investigations may have potential applications in the design of TI-based one-way quantum devices.",0,0.0,6,1
https://openalex.org/W1981788395,https://doi.org/10.1049/ip-opt:20040875,Influence of cluster states on band dispersion in bulk and quantum well (ultra-)dilute nitride semiconductors,2004,article,T10022,Semiconductor Quantum Structures and Devices,"The band-anti-crossing (BAC) model successfully describes many of the electronic properties of GaNxAs1−x. Experimental and theoretical studies show a range of resonant defect levels close to the conduction band edge in GaNxAs1−x, due to the formation of N complexes which are ignored in the conventional BAC model. The consequences of these resonant levels for the band dispersion are investigated. The rapid increase in N–N pairs with N composition (∝x2) is shown to have little effect on the calculated room-temperature band-edge dispersion, but modifies the low-temperature band dispersion with increasing x. For low temperatures, it is shown that at low N composition (0.001≤x≤0.01) the band dispersion is best described using a modified BAC model, which explicitly includes the effects of N–N pairs, while at higher compositions (x&gt;0.01) the effects of longer-range N–N interactions need also to be considered. The consequences of this are analysed for the predicted evolution of band dispersion with x in magneto-tunnelling experiments.",11,1.3885,3,1
https://openalex.org/W3047390487,https://doi.org/10.1039/d0sc03246h,Phenol-like group functionalized graphene quantum dots structurally mimicking natural antioxidants for highly efficient acute kidney injury treatment,2020,article,T11342,Carbon and Quantum Dots Applications,Phenol-like group functionalized graphene quantum dots that structurally mimic natural antioxidants are constructed as high-efficacy reactive oxygen species scavengers for acute kidney injury antioxidative therapy.,96,4.3166,8,2
https://openalex.org/W2151359315,https://doi.org/10.1109/lpt.2006.879592,Improved performance of 1.3-/spl mu/m In(Ga)As quantum-dot lasers by modifying the temperature profile of the GaAs spacer layers,2006,article,T10022,Semiconductor Quantum Structures and Devices,"We demonstrate greatly improved threshold current and modal gain performance of 1.3-μm quantum-dot (QD) lasers by growing the GaAs spacer layers in two parts, where subtle modification of the spacer layer growth temperature profoundly influences the QDs. Measurements reveal significantly increased ground state (1.3 μm) modal absorption by increasing the growth temperature of the second part of the spacer layer. Improved modal gain is achieved, enabling continuous-wave lasing from a 1-mm-long uncoated laser, even without p-doping. This approach provides a potentially viable route to superior edge-emitting lasers and GaAs-based 1.3-μm vertical-cavity surface-emitting lasers.",9,1.5316,7,1
https://openalex.org/W2115262736,https://doi.org/10.1007/s11082-011-9495-2,Detectivity simulation of long-wavelength quantum well infrared photodetectors,2011,article,T10022,Semiconductor Quantum Structures and Devices,,3,0.6639,6,1
https://openalex.org/W2013681083,https://doi.org/10.1103/physrevlett.109.067201,"Nature of the Spin-Liquid Ground State of the<mml:math xmlns:mml=""http://www.w3.org/1998/Math/MathML"" display=""inline""><mml:mi>S</mml:mi><mml:mo>=</mml:mo><mml:mn>1</mml:mn><mml:mo>/</mml:mo><mml:mn>2</mml:mn></mml:math>Heisenberg Model on the Kagome Lattice",2012,article,T11682,Advanced Condensed Matter Physics,"We perform a density-matrix renormalization group (DMRG) study of the S=1/2 Heisenberg antiferromagnet on the kagome lattice to identify the conjectured spin liquid ground state. Exploiting SU(2) spin symmetry, which allows us to keep up to 16,000 DMRG states, we consider cylinders with circumferences up to 17 lattice spacings and find a spin liquid ground state with an estimated per site energy of -0.4386(5), a spin gap of 0.13(1), very short-range decay in spin, dimer and chiral correlation functions, and finite topological entanglement γ consistent with γ=log(2)2, ruling out gapless, chiral, or nontopological spin liquids in favor of a topological spin liquid of quantum dimension 2, with strong evidence for a gapped topological Z(2) spin liquid.",631,51.1451,3,3
https://openalex.org/W2963560706,https://doi.org/10.1038/srep20803,Design of defect spins in piezoelectric aluminum nitride for solid-state hybrid quantum technologies,2016,article,T10472,Semiconductor materials and devices,"Spin defects in wide-band gap semiconductors are promising systems for the realization of quantum bits, or qubits, in solid-state environments. To date, defect qubits have only been realized in materials with strong covalent bonds. Here, we introduce a strain-driven scheme to rationally design defect spins in functional ionic crystals, which may operate as potential qubits. In particular, using a combination of state-of-the-art ab-initio calculations based on hybrid density functional and many-body perturbation theory, we predicted that the negatively charged nitrogen vacancy center in piezoelectric aluminum nitride exhibits spin-triplet ground states under realistic uni- and bi-axial strain conditions; such states may be harnessed for the realization of qubits. The strain-driven strategy adopted here can be readily extended to a wide range of point defects in other wide-band gap semiconductors, paving the way to controlling the spin properties of defects in ionic systems for potential spintronic technologies.",71,4.2776,3,1
https://openalex.org/W2615719235,https://doi.org/10.1016/j.msec.2017.05.094,"Carbon quantum dots from carbonized walnut shells: Structural evolution, fluorescence characteristics, and intracellular bioimaging",2017,article,T11342,Carbon and Quantum Dots Applications,,158,5.3145,5,2
https://openalex.org/W2079466377,https://doi.org/10.1063/1.3075943,Spectrum of Landau levels of a double quantum well in an inclined magnetic field,2009,article,T10382,Quantum and electron transport phenomena,"A semi-classical calculation of the spectrum of Landau levels in an inclined magnetic field is performed for a double quantum well taking account of the energy dependences of the cyclotron effective masses. A comparison is made with a quantum-mechanical calculation in weak perpendicular magnetic fields (N. Kumada et al., Phys. Rev. B 77, 155324 (2008)). It is found that both computational methods are in good agreement with one another.",4,0.0,5,1
https://openalex.org/W2942482935,https://doi.org/10.1016/j.carbon.2018.12.076,Synthesis and properties of carbon quantum dots from flue ash of biomass,2019,article,T11342,Carbon and Quantum Dots Applications,,3,0.0912,4,1
https://openalex.org/W4401891995,https://doi.org/10.1007/s00604-024-06634-4,Aminophenylboronic acid-modified nitrogen-doped graphene quantum dots and their applications in lysine sensing based on interplaying fluorescent mechanisms,2024,article,T11342,Carbon and Quantum Dots Applications,,4,0.4569,8,1
https://openalex.org/W2810725444,https://doi.org/10.1134/s0030400x18050090,Luminescence and Nonlinear Optical Properties of Hybrid Associates of Ag2S Quantum Dots with Molecules of Thiazine Dyes,2018,article,T10321,Quantum Dots Synthesis And Properties,"Spectral, kinetic, and nonlinear optical regularities that demonstrate the exchange of electronic excitations between the components of hybrid associates of Ag2S colloid quantum dots (1.7–1.8 nm) in gelatin with molecules of thiazine dyes (Ds) are found. When the IR luminescence of Ag2S quantum dots (QDs) is excited by radiation from the thionine absorption region, its enhancement due to nonradiative resonant energy transfer is observed. The association with methylene-blue molecules blocked the IR luminescence of Ag2S QDs upon its excitation by radiation from the absorption region of the dye due to the transfer of charge carriers. It is demonstrated that the hybrid association of thionine molecules and Ag2S QDs adversely affects the nonlinear optical properties of the latter, which manifests itself in inverse saturated absorption by the action of 10-ns second-harmonic pulses (532 nm) of a Nd3+:YAG laser. For the associates of Ag2S QDs with methylene-blue molecules, the radiation focusing caused by the transfer of charge carriers from the dye and the change in the population of small traps in nanocrystals is found. It is concluded that the direction of the transfer of electronic excitations and the photophysical processes in these objects are determined by the mutual arrangement of the HOMO–LUMO levels of the dye with respect to the levels of dimensional quantization of the Ag2S QDs.",15,0.8735,5,1
https://openalex.org/W2033229253,https://doi.org/10.1063/1.4790603,Shell-thickness-dependent photoinduced electron transfer from CuInS2/ZnS quantum dots to TiO2 films,2013,article,T10321,Quantum Dots Synthesis And Properties,"We demonstrate the electron transfer (ET) processes from CuInS2/ZnS core/shell quantum dots (QDs) into porous anatase TiO2 films by time-resolved photoluminescence spectroscopy. The rate and efficiency of ET can be controlled by changing the core diameter and the shell thickness. It is found that the ET rates decrease exponentially at the decay constants of 1.1 and 1.4 nm–1 with increasing ZnS shell thickness for core diameters of 2.5 and 4.0 nm, respectively, in agreement with the electron tunneling model. This shows that optimized ET efficiency and QD stability can be realized by controlling the shell thickness.",63,4.1437,3,2
https://openalex.org/W1973812091,https://doi.org/10.1088/0268-1242/19/2/016,Impact ionization processes in quantum well infrared photodetector structures,2003,article,T10022,Semiconductor Quantum Structures and Devices,"The importance of impact ionization processes on the electronic transport in quantum well infrared photodetectors (QWIPs) is experimentally and theoretically investigated. Dark and optical current analysis in AlxGa1−xAs/GaAs-QWIP structures in which the first barrier thickness or the number of wells is varied leads to the conclusion that, under normal QWIP bias conditions, impact ionization processes occur only in the first two periods and not in the entire structure.",21,0.2517,7,1
https://openalex.org/W2051008010,https://doi.org/10.1016/j.physleta.2013.07.047,Optical absorptions of an exciton in a quantum ring: Effect of the repulsive core,2013,article,T10022,Semiconductor Quantum Structures and Devices,"We study the optical absorptions of an exciton in a quantum ring. The quantum ring is described as a circular quantum dot with a repulsive core. The advantage of our methodology is that one can investigate the influence of the repulsive core by varying two parameters in the confinement potential. The linear, third-order nonlinear and total optical absorption coefficients have been examined with the change of the confinement potential. The results show that the optical absorptions are strongly affected by the repulsive core. Moreover, the repulsive core can influence the oscillation in the resonant peak of the absorption coefficients.",7,0.6612,1,1
https://openalex.org/W3192664251,https://doi.org/10.1109/led.2021.3103518,Theoretical Evaluation of Two-Dimensional Ferroelectric Material CuInP<sub>2</sub>S<sub>6</sub> for Ferroelectric Tunnel Junction Device,2021,article,T12808,Ferroelectric and Negative Capacitance Devices,"Ferroelectric tunnel junction (FTJ) exploiting the switchable polarization of ferroelectric material holds great potential for the low-power non-volatile memory. Recently, two-dimensional (2D) ferroelectric material CuInP <sub xmlns:mml=""http://www.w3.org/1998/Math/MathML"" xmlns:xlink=""http://www.w3.org/1999/xlink"">2</sub> S <sub xmlns:mml=""http://www.w3.org/1998/Math/MathML"" xmlns:xlink=""http://www.w3.org/1999/xlink"">6</sub> (CIPS) which can provide ferroelectricity at the ultimate atomic-scale has been successfully introduced in FTJ to achieve significantly improved TER. Here, we present a theoretical study on the performance of FTJ based on CIPS through the quantum transport simulation using <italic xmlns:mml=""http://www.w3.org/1998/Math/MathML"" xmlns:xlink=""http://www.w3.org/1999/xlink"">kp</i> Hamiltonian obtained from density functional theory. Benchmarking with ferroelectric HfZrO <sub xmlns:mml=""http://www.w3.org/1998/Math/MathML"" xmlns:xlink=""http://www.w3.org/1999/xlink"">2</sub> -based FTJ reveals that much higher TER can be achieved in CIPS-based FTJ due to a lower tunneling potential barrier and a larger tunneling effective mass.",11,0.61,3,1
https://openalex.org/W3006357954,https://doi.org/10.1039/c9cc08291c,Influence of halide ions on the structure and properties of copper indium sulphide quantum dots,2020,article,T10321,Quantum Dots Synthesis And Properties,"In the synthesis of CuInS2 quantum dots (QDs), the halide ions present in the copper salts influence the QD growth and optical properties. X-ray absorption spectroscopy allowed rationalizing the halide incorporation in the lattice and the dependence of electronic properties of the material on the ion's polarizability and interaction with hydrophobic moieties.",11,0.4887,10,8
https://openalex.org/W2808198544,https://doi.org/10.1103/physrevlett.123.057403,Non-Markovian Exciton-Phonon Interactions in Core-Shell Colloidal Quantum Dots at Femtosecond Timescales,2019,article,T10321,Quantum Dots Synthesis And Properties,"We perform two-dimensional coherent spectroscopy on CdSe/CdZnS core-shell colloidal quantum dots at cryogenic temperatures. In the two-dimensional spectra, sidebands due to electronic coupling with CdSe lattice LO-phonon modes are observed to have evolutions deviating from the exponential dephasing expected from Markovian spectral diffusion, which is instantaneous and memoryless. Comparison to simulations provides evidence that LO-phonon coupling induces energy-gap fluctuations on the finite timescales of nuclear motion. The femtosecond resolution of our technique probes exciton dynamics directly on the timescales of phonon coupling in nanocrystals.",57,2.1918,5,3
https://openalex.org/W2143983407,https://doi.org/10.1109/lpt.2009.2039207,Three-Band White Light-Emitting Diodes Based on Hybridization of Polyfluorene and Colloidal CdSe–ZnS Quantum Dots,2010,article,T10321,Quantum Dots Synthesis And Properties,"The authors have demonstrated the hybridization of polyfluorene (PFO) polymer light-emitting diodes with CdSe-ZnS core/shell quantum dots (QDs) in different device structures. To achieve white light emission, the green and red QDs have been incorporated into the PFO as the single emissive layer. Furthermore, the whole structures were also optimized to engineer the emission spectra. Accordingly, the incorporation of QDs increased the turn-on voltage from 10 to 23 V in device with the blend ratio of PFO : green QD : red QD being 6 : 1 : 1, while the maximum brightness was dramatically decreased.",32,1.69,7,1
https://openalex.org/W2761227944,https://doi.org/10.1007/s10948-017-4371-3,Josephson Effect in the Micron and Submicron YBCO Constrictions Fabricated Using the Femtosecond Laser Technique,2017,article,T10037,Physics of Superconductivity and Magnetism,,2,0.0,4,2
https://openalex.org/W1846867528,,Implementation of one-qubit holonomic rotation gate by adiabatic passage,2010,article,T10566,Laser-Matter Interactions and Applications,"We propose a robust scheme, using tripod stimulated Raman adiabatic passage, to generate one-qubit rotation gate. In this scheme, a four-level atom interacts with three resonant laser pulses and time evolution of the corresponding coherent system is designed such that the rotation gate is implemented at the end of process. Rotation angle in this gate is holonomic and has a geometrical basis in the parameter space. We also explore the effect of spontaneous emission on the population transfer with numerical solution of Schrödinger and Liouville equations.",0,0.0,4,0
https://openalex.org/W2053567462,https://doi.org/10.1109/nusod.2012.6316503,Running wave form extended states in charactering the photocurrent of multiple quantum well and superlattice structured GaAs/AlGaAs solar cells,2012,article,T10022,Semiconductor Quantum Structures and Devices,"The numerical simulations of the contribution of GaAs/AlGaAs multiple quantum well and superlattice to photocurrent in solar cells are presented. Effects of thickness of barrier and period on the extended and localized states, photocurrent have been investigated. Running wave method of calculation on the extended states of the two structures are adopt and compared.",0,0.0,3,1
https://openalex.org/W2871364007,https://doi.org/10.1016/j.aop.2020.168327,Exact rotating wave approximation,2020,article,T11261,Quantum chaos and dynamical systems,,58,4.4054,4,2
https://openalex.org/W2004673579,https://doi.org/10.1103/physrevlett.101.216805,Spin Rotations Induced by an Electron Running in Closed Trajectories in Gated Semiconductor Nanodevices,2008,article,T10382,Quantum and electron transport phenomena,"A design for a quantum gate performing transformations of a single electron spin is presented. The spin rotations are performed by the electron going around the closed loops in a gated semiconductor device. We demonstrate the operation of NOT, phase-flip, and Hadamard quantum gates, i.e., the single-qubit gates which are most commonly used in the algorithms. The proposed devices employ the self-focusing effect for the electron wave packet interacting with the electron gas on the electrodes and the Rashba spin-orbit coupling. Because of the self-focusing effect, the electron moves in a compact wave packet. The spin-orbit coupling translates the spatial motion of the electron into the rotations of the spin. The device does not require microwave radiation and operates using low constant voltages. It is therefore suitable for selective single-spin rotations in larger registers.",38,2.8056,2,1
https://openalex.org/W2604236537,https://doi.org/10.1021/acsami.7b01588,Successive Ionic Layer Absorption and Reaction for Postassembly Control over Inorganic Interdot Bonds in Long-Range Ordered Nanocrystal Films,2017,article,T10321,Quantum Dots Synthesis And Properties,"Epitaxially connected assemblies of nanocrystals (NCs) present an interesting new class of nanomaterial in which confinement of charge carriers is intermediate between that of a quantum dot and a quantum well. Despite impressive advances in the formation of high-fidelity assemblies, predicted collective properties have not yet emerged. A critical knowledge gap toward realizing these properties is the current lack of understanding of and control over the formation of epitaxial interdot bonds connecting the NCs within the assemblies. In this work we demonstrate successive ionic layer absorption and reaction (SILAR) to enhance the interdot bonding within the NC assembly. SILAR treatment improved the fraction of interdot bonds from 82% to 91% and increased their width from 3.1 to 4.0 nm. Absorption spectra and charge transport measurements indicate that the effect of postassembly growth on quantum confinement in this system depends on the composition of the SILAR shell material. Increased NC film conductance following SILAR processing indicates that building and strengthening interdot bonds lead to increased electronic coupling and doping in the assemblies. The postassembly film growth detailed here presents an opportunity to repair structural defects and to tailor the balance of quantum confinement and interdot coupling in epitaxially connected NC assemblies.",20,1.8491,6,1
https://openalex.org/W2008385157,https://doi.org/10.1002/pssc.200564695,"Photoluminescence from Cd(Se,Te) quantum dots in a ZnSe matrix",2006,article,T10022,Semiconductor Quantum Structures and Devices,"Abstract We report on the photoluminescence (PL) and PL excitation studies of CdSe/ZnSe quantum dots (QDs) grown by molecular beam epitaxy using super‐strained CdTe fractional monolayer deposition prior to the CdSe growth. We have shown that introduction of CdTe stressor initiates the formation of a dense array of Cd(Se,Te) QDs and demonstrated the co‐existence of type‐I and type‐II structures within the dot sheet. (© 2006 WILEY‐VCH Verlag GmbH &amp; Co. KGaA, Weinheim)",1,0.2552,6,1
https://openalex.org/W2040114524,https://doi.org/10.1088/0953-8984/21/34/344204,Quantum transport through a graphene nanoribbon–superconductor junction,2009,article,T10083,Graphene research and applications,"We study the electron transport through a graphene nanoribbon-superconductor junction. Both zigzag and armchair edge graphene nanoribbons are considered, and the effects of the magnetic field and disorder on the transport property are investigated. By using the tight-binding model and the non-equilibrium Green's function method, the expressions of the current, conductance, normal tunneling coefficient and Andreev reflection coefficient are obtained. For a clean system and at zero magnetic field, the linear conductance increases approximately in a linear fashion with the on-site energy. In the presence of a magnetic field and a moderate disorder, the linear conductance exhibits plateau structures for both armchair and zigzag edges. The plateau values increase with the width of the graphene ribbon. With a wide sample width, a saturated plateau value of |ν|e(2)/h emerges at the filling factor ν. For a small filling factor, the conductance can reach the saturated value at a small width, but for a high filling factor it requires to have a quite wide sample width to reach the saturated value. In particular, the Andreev reflection coefficient is always at 0.5 after reaching the saturated value, independent of any system parameters. In addition, we also consider the finite bias case, in which the Andreev reflection coefficient and normal tunneling coefficient are studied.",127,3.218,2,2
https://openalex.org/W2782172035,https://doi.org/10.1103/physrevlett.120.016802,Cyclotron Orbits of Composite Fermions in the Fractional Quantum Hall Regime,2018,article,T10382,Quantum and electron transport phenomena,"We study a bilayer GaAs hole system that hosts two distinct many-body phases at low temperatures and high perpendicular magnetic fields. The higher-density (top) layer develops a Fermi sea of composite fermions (CFs) in its half-filled lowest Landau level, while the lower-density (bottom) layer forms a Wigner crystal (WC) as its filling becomes very small. Owing to the interlayer interaction, the CFs in the top layer feel the periodic Coulomb potential of the WC in the bottom layer. We measure the magnetoresistance of the top layer while changing the bottom-layer density. As the WC layer density increases, the resistance peaks separating the adjacent fractional quantum Hall states in the top layer change nonmonotonically and attain maximum values when the cyclotron orbit of the CFs encloses one WC lattice point. These features disappear at T=275 mK when the WC melts. The observation of such geometric resonance features is unprecedented and surprising as it implies that the CFs retain a well-defined cyclotron orbit and Fermi wave vector even deep in the fractional quantum Hall regime, far from half-filling.",8,0.8046,7,1
https://openalex.org/W2019416778,https://doi.org/10.1103/physrevb.82.081309,Exchange cotunneling through quantum dots with spin-orbit coupling,2010,article,T10382,Quantum and electron transport phenomena,"We investigate the effects of spin-orbit interaction (SOI) on the exchange cotunneling through a spinful Coulomb blockaded quantum dot. In the case of zero magnetic field, Kondo effect is shown to take place via a Kramers doublet and the SOI will merely affect the Kondo temperature. In contrast, we find that the breaking of time-reversal symmetry in a finite field has a marked influence on the effective Anderson and Kondo models for a single level. The nonlinear conductance can now be asymmetric in bias voltage and may depend strongly on the direction of the magnetic field. A measurement of the angle dependence of finite-field cotunneling spectroscopy thus provides valuable information about orbital and spin degrees of freedom and their mutual coupling.",20,2.6065,3,1
https://openalex.org/W4293153524,https://doi.org/10.2139/ssrn.4186491,Layered Topological Semimetal Gagete: New Polytype with Non-Centrosymmetric Structure,2022,article,T10083,Graphene research and applications,,1,,11,4
https://openalex.org/W2123089078,https://doi.org/10.1364/qels.2012.qm3c.2,High-Resolution Photoluminescence Spectroscopy of Near-Surface Nitrogen-Vacancy Centers in Diamond,2012,article,T10478,Diamond and Carbon-based Materials Research,Spectral diffusion is a critical problem affecting quantum devices based on nitrogen-vacancy centers in diamond. Here we report sub-GHz photoluminescence emission spectroscopy of near-surface nitrogen-vacancy centers in several types of samples.,0,0.0,8,2
https://openalex.org/W2149142321,https://doi.org/10.1109/tasc.2003.813922,Automatic Josephson-transmission-line routing for single-flux-quantum cell-based logic circuits,2003,article,T10037,Physics of Superconductivity and Magnetism,"In single-flux-quantum (SFQ) circuits, the delay produced by the Josephson transmission line (JTL) is comparable with or larger than the one produced by the logic cells. Therefore, it is difficult to find the routes that satisfy the timing constraints in a large circuit manually. To overcome this obstacle, we propose a two-step automatic JTL routing technology that performs coarse and fine timing adjustments. First, an automatic router draws dummy wires within coarse timing constraints, and then the dummy wires are replaced with JTL cells. Fine timing adjustments are done in the latter step. Some JTL cells in clock and data paths are replaced with faster JTL cells so that clock signals always arrive earlier than data signals at clocked-gates. Two example circuits were designed using the automatic JTL routing technology. One is composed of nearly 600 Josephson junctions. It was experimentally tested up to 35 GHz with on-chip test components. The other is composed of about 4000 Josephson junctions. After the fine timing adjustment, logic simulation showed that it can operate at 20 GHz. We also experimentally confirmed its correct operations at low speed.",8,1.0612,2,1
https://openalex.org/W2089124437,https://doi.org/10.1103/physreva.71.053601,Extracting atoms on demand with lasers,2005,article,T10425,Cold Atom Physics and Bose-Einstein Condensates,"We propose a scheme that allows us to coherently extract cold atoms from a reservoir in a deterministic way. The transfer is achieved by means of radiation pulses coupling two atomic states which are object to different trapping conditions. A particular realization is proposed, where one state has zero magnetic moment and is confined by a dipole trap, whereas the other state with nonvanishing magnetic moment is confined by a steep microtrap potential. We show that in this setup a predetermined number of atoms can be transferred from a reservoir, a Bose-Einstein condensate, into the collective quantum state of the steep trap with high efficiency in the parameter regime of present experiments.",27,4.206,6,2
https://openalex.org/W1966200199,https://doi.org/10.1088/0953-4075/40/9/s09,Implementing a neutral atom Rydberg gate without populating the Rydberg state,2007,article,T10425,Cold Atom Physics and Bose-Einstein Condensates,"In this paper, we propose a neutral atom implementation of the two-qubit conditional phase gate, based on the large Rydberg–Rydberg interaction induced energy shift. Contrary to previous proposals, this gate does not substantially populate the Rydberg levels. After describing the model in detail, we provide numerical simulations and discuss the performance of our gate. In particular we address the influence on the fidelity of spontaneous emission and atomic motion.",33,0.754,3,1
https://openalex.org/W2980366385,https://doi.org/10.1002/andp.201900202,Spin Polarization and Spin‐Flip Through Phosphorene Superlattice,2019,article,T10275,2D Materials and Applications,"Abstract The spin‐dependent transport properties, including spin polarization and spin‐flip for phosphorene superlattice in the presence of an extrinsic Rashba spin‐orbit interaction (RSOI) based on the transfer matrix method, are studied. The results show that the number of barriers in the superlattice structure plays a dominant role in output spin polarization, which can be used in designing optimized spintronic devices. In addition, by controlling on the Rashba strength, an incident spin‐up electron can be transmitted as a spin‐down electron. Also, it enables to convert the unpolarized incident electronic beam (with zero spin polarization) into an arbitrary output spin polarization, which plays a significant role in qubit circuits.",18,0.8261,2,1
https://openalex.org/W2071113363,https://doi.org/10.1103/physrevb.74.075317,Theory of far-infrared absorption of a negatively charged exciton in a quantum dot,2006,article,T10022,Semiconductor Quantum Structures and Devices,"We present a theory of the far-infrared (FIR) absorption spectra of a negatively charged exciton ${X}^{\ensuremath{-}}$ confined in a parabolic quantum dot and subject to an external magnetic field. The absorption spectra of the trion exhibit a set of characteristic lines and line anticrossings, sensitive both to the details of electron and hole confinement and the Coulomb interactions among carriers. This is in contrast to the case of dots containing electrons only, where the FIR absorption probes only the excitations of the center-of-mass of the system and is insensitive to interaction effects.",2,0.5108,1,1
https://openalex.org/W1990181644,https://doi.org/10.1016/j.spmi.2009.08.006,Pressure effects on the donor binding energy in zinc-blende InGaN/GaN quantum dot,2009,article,T10099,GaN-based semiconductor devices and materials,,4,0.294,3,1
https://openalex.org/W4386457372,https://doi.org/10.34133/research.0235,Coexistence of All-Order Topological States in a Three-Dimensional Phononic Topological Crystalline Insulator,2023,article,T10657,Topological Materials and Phenomena,"Classical-wave topological materials lacking intrinsic half-integer spins are less robust while more tunable. Here, we explore a single 3-dimensional phononic topological crystalline insulator that simultaneously exhibits a whole family of first-order quadratic surface, second-order hinge, and third-order corner states within the same bandgap. Such a topological crystalline insulator hosting all-order phases originates from the different topological nature when hierarchically projected onto different facets and lower dimensions, thus free from trivial cladding crystals. Our work offers an ideal platform for either robust wave propagation or localization in on-demand dimensions and may facilitate dimension division multiplexing technology.",6,1.1829,6,1
https://openalex.org/W3006299005,https://doi.org/10.1016/j.matpr.2020.01.387,Impact of transition metal ion doping on electron spin relaxation time in CdSe/ZnSe quantum dots,2020,article,T10022,Semiconductor Quantum Structures and Devices,,4,0.1404,2,1
https://openalex.org/W4226401269,https://doi.org/10.30723/ijp.v20i1.965,The Confinement Profile Effect on the Optical Properties in Different Inverse-shaped Single InGaN/GaN Quantum Wells,2022,article,T10099,GaN-based semiconductor devices and materials,"In this work, the effects of size, and temperature on the linear and nonlinear optical properties in InGaN/GaN inverse parabolic and triangular quantum wells (IPQW and ITQW) for different concentrations at the well center were theoretically investigated. The indium concentrations at the barriers were fixed to be always xmax = 0.2. The energy levels and their associated wave functions are computed within the effective mass approximation. The expressions of optical properties are obtained analytically by using the compact density-matrix approach. The linear, nonlinear, and total absorption coefficients depending on the In concentrations at the well center are investigated as a function of the incident photon energy for different values of temperature and quantum wells size. The results show that the In concentrations, size and temperature have a significant effect on these optical properties. The positions of the resonance peaks of the absorption coefficients were blue-shifted under increasing indium compositions in the quantum wells (InGaN) and temperature while they were red-shifted with the increase in the thickness of the wells. Moreover, the amplitudes of the resonance peaks were enhanced under the increase of the In composition, the temperature, and the thickness of the quantum wells. The optical absorption in ITQW structure is slightly greater than that in IPQW one.",6,0.8279,7,2
https://openalex.org/W3153157465,https://doi.org/10.1038/s41534-021-00389-z,Online adaptive quantum characterization of a nuclear spin,2021,article,T11993,Atomic and Subatomic Physics Research,"Abstract The characterization of quantum systems is both a theoretical and technical challenge. Theoretical because of the exponentially increasing complexity with system size and the fragility of quantum states under observation. Technical because of the requirement to manipulate and read out individual atomic or photonic elements. Adaptive methods can help to overcome these challenges by optimizing the amount of information each measurement provides and reducing the necessary resources. Their implementation, however, requires fast-feedback and complex processing algorithms. Here, we implement online adaptive sensing with single spins and demonstrate close to photon shot noise limited performance with high repetition rate, including experimental overheads. We further use fast feedback to determine the hyperfine coupling of a nuclear spin to the nitrogen-vacancy sensor with a sensitivity of $$445\,{\mathrm{nT}}{\sqrt{\mathrm{Hz}}}^{- 1}$$ <mml:math xmlns:mml=""http://www.w3.org/1998/Math/MathML""><mml:mrow><mml:mn>445</mml:mn><mml:mspace/><mml:mi>nT</mml:mi><mml:msup><mml:mrow><mml:msqrt><mml:mrow><mml:mi>Hz</mml:mi></mml:mrow></mml:msqrt></mml:mrow><mml:mrow><mml:mo>−</mml:mo><mml:mn>1</mml:mn></mml:mrow></mml:msup></mml:mrow></mml:math> . Our experiment is a proof of concept that online adaptive techniques can be a versatile tool to enable faster characterization of the spin environment.",21,2.8429,8,3
https://openalex.org/W3133695518,,Flat Bands in Twisted Bilayer Transition Metal Dichalcogenide with Strong Spin-orbit Interaction,2021,article,T10275,2D Materials and Applications,,0,0.0,4,0
https://openalex.org/W4387590032,https://doi.org/10.22214/ijraset.2023.56082,Efficient Design of Majority-Logic-Based Approximate Arithmetic Circuits using Quantam-Dot Celluar Automata (QCA) Technique,2023,article,T13182,Quantum-Dot Cellular Automata,"Abstract: In this paper, we propose an approximate multiplier that is Approximate computing (AC) offers benefits by reducing the requirement for accuracy, thereby reducing delay. The majority logic (ML) gate functions as the fundamental logic block of many emerging nanotechnologies. These adders are designed to prevent the propagation of inexact carry-out signals to higher order computing parts to enhance accuracy. We implemented the proposed multiplier by using a unique partial product reduction (PPR) circuitry, which was based on the parallel approximate 6:3 compressor. The implemented by quantum-dot cellular automata (QCA) are analyzed to evaluate the adder designs. A significant improvement is observed over previous designs based on the experimental results. The proposed design is further designed using kogge stone adder. Finally, It has added advantage that reduces logic size and facilitates with less power and delay. Here we are using Verilog HDL and Xilinx ISE14.8 software tools for simulation and synthesis purpose",0,0.0,2,1
https://openalex.org/W3136422383,https://doi.org/10.1016/j.physb.2021.412978,Tuning photo-response and electronic behavior of graphene quantum dots synthesized via ion irradiation,2021,article,T10083,Graphene research and applications,,9,0.5606,6,2
https://openalex.org/W2003092580,https://doi.org/10.1016/j.solener.2011.02.005,Colloidal quantum dot solar cells,2011,article,T10321,Quantum Dots Synthesis And Properties,,281,11.816,5,1
https://openalex.org/W4393309292,https://doi.org/10.3390/ma17071566,Advanced Synthesis and Characterization of CdO/CdS/ZnO Heterostructures for Solar Energy Applications,2024,article,T10321,Quantum Dots Synthesis And Properties,"This study introduces an innovative method for synthesizing Cadmium Oxide /Cadmium Sulfide/Zinc Oxide heterostructures (CdO/CdS/ZnO), emphasizing their potential application in solar energy. Utilizing a combination of electrochemical deposition and oxygen annealing, the research provides a thorough analysis of the heterostructures through scanning electron microscopy (SEM), energy-dispersive X-ray (EDX) spectroscopy, X-ray diffraction (XRD), Raman spectroscopy, and photoluminescence (PL) spectroscopy. The findings reveal a complex surface morphology and a composite structure with significant contributions from hexagonal CdS and cubic CdO phases. The study highlights the uniformity in the distribution of luminescent centers and the crystalline quality of the heterostructures, which is evident from the PL analysis. The redshift observed in the emission peak and the additional peaks in the excitation spectrum indicate intricate optical properties influenced by various factors, including quantum confinement and lattice strain. The research demonstrates these heterostructures' potential in enhancing solar cells' efficiency and applicability in optoelectronic devices. This comprehensive characterization and analysis pave the way for future optimization and application in efficient and sustainable solar energy solutions.",16,1.7866,8,4
https://openalex.org/W4385554114,https://doi.org/10.1103/physreve.108.024102,Real-time broadening of bath-induced density profiles from closed-system correlation functions,2023,article,T11804,Quantum many-body systems,"The Lindblad master equation is one of the main approaches to open quantum systems. While it has been widely applied in the context of condensed matter systems to study properties of steady states in the limit of long times, the actual route to such steady states has attracted less attention yet. Here, we investigate the nonequilibrium dynamics of spin chains with a local coupling to a single Lindblad bath and analyze the transport properties of the induced magnetization. Combining typicality and equilibration arguments with stochastic unraveling, we unveil for the case of weak driving that the dynamics in the open system can be constructed on the basis of correlation functions in the closed system, which establishes a connection between the Lindblad approach and linear response theory at finite times. In this way, we provide a particular example where closed and open approaches to quantum transport agree strictly. We demonstrate this fact numerically for the spin-1/2 XXZ chain at the isotropic point and in the easy-axis regime, where superdiffusive and diffusive scaling is observed, respectively.",6,1.1934,5,3
https://openalex.org/W2362813909,,An inerratic variation of nonlinear coefficient with temperature in CdSe/ZnSe self-assembled quantum dots,2010,article,T10022,Semiconductor Quantum Structures and Devices,,0,0.0,2,0
https://openalex.org/W2845195806,https://doi.org/10.1002/pssr.201870323,Controllable Band Alignment Transition in InSe–MoS<sub>2</sub> Van der Waals Heterostructure (Phys. Status Solidi RRL 7/2018),2018,article,T10275,2D Materials and Applications,"Two-dimensional materials, which lead to drastic reduction in the characteristic lengths of electronic devices, have been considered as building blocks for future nanoelectronics and optoelectronics. Different two-dimensional materials can be reassembled into layered heterostructures, i.e. van der Waals heterostructures. Van der Waals heterojunctions with type-II band alignment, in which electrons and holes are separated in distinct layers and thus the recombination is avoided, play a central role in optoelectronic devices. In article no. 1800102, Zheng-Zhe Lin and co-workers propose a type- I→II band alignment transition in InSe–MoS2 van der Waals heterostructure that can be controlled by changing interlayer distance or applying perpendicular external electric field. Changing band offset into type II facilitates the possible use and flexible band engineering of van der Waals heterostructure in optoelectronics. The results provide a guidance in improving the properties of van der Waals heterostructures.",0,0.0,3,1
https://openalex.org/W3158363117,,Extending the quantum coherence of a qubit via engineering the noise spectrum of its environment,2021,article,T10622,Quantum Mechanics and Applications,,0,0.0,5,0
https://openalex.org/W2826751545,https://doi.org/10.1016/j.cclet.2018.07.004,Fluorescent quantum dots for microbial imaging,2018,article,T11342,Carbon and Quantum Dots Applications,,87,3.9598,4,1
https://openalex.org/W2077442372,https://doi.org/10.1088/0031-8949/2010/t139/014062,New functional glasses containing semiconductor quantum dots,2010,article,T10321,Quantum Dots Synthesis And Properties,"CdSe and PbSe quantum dots (QDs) were precipitated in oxide glass matrices and their optical properties were investigated. The size of QDs could be controlled using careful heat treatment. The quantum confinement effect was clearly observed, as evidenced by a shift in the peak wavelengths of absorption. It was possible to control also the wavelength of the photoluminescence bands of CdSe and PbSe QDs by using thermal treatment.",18,0.31156341,2,1
https://openalex.org/W2781823670,https://doi.org/10.1021/acsphotonics.7b01504,Microscopic Observation of Low Efficiency in Green Light-Emitting Diodes,2018,article,T10099,GaN-based semiconductor devices and materials,"The low efficiency of green light-emitting diodes (LEDs), a phenomenon known as the green gap, is a key obstacle hindering the application of LEDs as next-generation light sources to pioneer a plethora of new applications in the optical, medical, and communication sectors. Based on a microscopic photoluminescence analysis of green GaN-based multiple quantum wells, we find that In-enriched emission clusters on the submicrometer scale, previously thought to be efficient luminescent centers, do not emit light effectively. Such emission clusters can localize an excessively large amount of carriers, leading to the subsequent occurrence of vigorous nonradiative recombination processes. We also observe that the effective volume of the LED active region is significantly reduced, possibly because the generation of these In-enriched clusters via metastable phase separation significantly degrades the surrounding crystal quality. The microscopic analysis of luminescent clusters gives insight into the low efficiency of green LEDs, which may guide future directions for the development of LEDs.",16,1.1122,2,1
https://openalex.org/W2611345267,https://doi.org/10.1038/s41598-018-22242-8,Theory of isolated magnetic skyrmions: From fundamentals to room temperature applications,2018,article,T10049,Magnetic properties of thin films,"Magnetic skyrmions are topological quasiparticles of great interest for data storage applications because of their small size, high stability, and ease of manipulation via electric current. However, although models exist for some limiting cases, there is no universal theory capable of accurately describing the structure and energetics of all skyrmions. The main barrier is the complexity of non-local stray field interactions, which are usually included through crude approximations. Here we present an accurate analytical framework to treat isolated skyrmions in any material, assuming only a circularly-symmetric 360° domain wall profile and a homogeneous magnetization profile in the out-of-plane direction. We establish the first rigorous criteria to distinguish stray field from DMI skyrmions, resolving a major dispute in the community. We discover new phases, such as bi-stability, a phenomenon unknown in magnetism so far. We predict materials for sub-10 nm zero field room temperature stable skyrmions suitable for applications. Finally, we derive analytical equations to describe current-driven dynamics, find a topological damping, and show how to engineer materials in which compact skyrmions can be driven at velocities >1000 m/s.",358,28.2848,3,1
https://openalex.org/W2804761047,https://doi.org/10.1038/s41567-018-0155-3,Aggregation and collapse dynamics of skyrmions in a non-equilibrium state,2018,article,T10049,Magnetic properties of thin films,,86,5.5611,8,1
https://openalex.org/W2004821984,https://doi.org/10.1103/physrevd.75.086003,Baryons in holographic QCD,2007,article,T10025,Black Holes and Theoretical Physics,"We study baryons in holographic QCD with $\mathrm{D}4/\mathrm{D}8/\overline{\mathrm{D}8}$ multi-D-brane system. In holographic QCD, the baryon appears as a topologically nontrivial chiral soliton in a four-dimensional effective theory of mesons. We call this topological soliton brane-induced Skyrmion. Some review of $\mathrm{D}4/\mathrm{D}8/\overline{\mathrm{D}8}$ holographic QCD is presented from the viewpoints of recent hadron physics and QCD phenomenologies. A four-dimensional effective theory with pions and $\ensuremath{\rho}$ mesons is uniquely derived from the non-Abelian Dirac-Born-Infeld (DBI) action of D8 brane with D4 supergravity background at the leading order of large ${N}_{c}$, without small amplitude expansion of meson fields to discuss chiral solitons. For the hedgehog configuration of pion and $\ensuremath{\rho}$-meson fields, we derive the energy functional and the Euler-Lagrange equation of brane-induced Skyrmion from the meson effective action induced by holographic QCD. Performing the numerical calculation, we obtain the soliton solution and figure out the pion profile $F(r)$ and the $\ensuremath{\rho}$-meson profile $\stackrel{\texttildelow{}}{G}(r)$ of the brane-induced Skyrmion with its total energy, energy density distribution, and root-mean-square radius. These results are compared with the experimental quantities of baryons and also with the profiles of standard Skyrmion without $\ensuremath{\rho}$ mesons. We analyze interaction terms of pions and $\ensuremath{\rho}$ mesons in brane-induced Skyrmion, and find a significant $\ensuremath{\rho}$-meson component appearing in the core region of a baryon.",118,34.8942,3,1
https://openalex.org/W2054104957,https://doi.org/10.1103/physrevb.91.035115,Interacting bosons in topological optical flux lattices,2015,article,T10425,Cold Atom Physics and Bose-Einstein Condensates,"An interesting route to the realization of topological Chern bands in ultracold atomic gases is through the use of optical flux lattices. These models differ from the tight-binding real-space lattice models of Chern insulators that are conventionally studied in solid-state contexts. Instead, they involve the coherent coupling of internal atomic (spin) states, and can be viewed as tight-binding models in reciprocal space. By changing the form of the coupling and the number $N$ of internal spin states, they give rise to Chern bands with controllable Chern number and with nearly flat energy dispersion. We investigate in detail how interactions between bosons occupying these bands can lead to the emergence of fractional quantum Hall states, such as the Laughlin and Moore-Read states. In order to test the experimental realization of these phases, we study their stability with respect to band dispersion and band mixing. We also probe interesting topological phases that emerge in these systems when the Chern number is greater than 1.",25,4.3461,4,3
https://openalex.org/W1992974625,https://doi.org/10.1103/physrevlett.98.070501,Quantum Logic via the Exchange Blockade in Ultracold Collisions,2007,article,T10425,Cold Atom Physics and Bose-Einstein Condensates,"A nuclear spin can act as a quantum switch that turns on or off ultracold collisions between atoms even when there is neither interaction between nuclear spins nor between the nuclear and electron spins. This ""exchange blockade"" is a new mechanism for implementing quantum logic gates that arises from the symmetry of composite identical particles, rather than direct coupling between qubits. We study the implementation of the entangling sqrt SWAP gate based on this mechanism for a model system of two atoms, each with ground electronic configuration 1S0, spin 1/2 nuclei, and trapped in optical tweezers. We evaluate a proof-of-principle protocol based on adiabatic evolution of a one-dimensional double Gaussian well, calculating fidelities of operation as a function of interaction strength, gate time, and temperature.",117,11.8583,3,1
https://openalex.org/W1973037074,https://doi.org/10.1142/s0217984909021120,A JASTROW CORRELATION FACTOR FOR TWO-DIMENSIONAL PARABOLIC QUANTUM DOTS,2009,article,T10382,Quantum and electron transport phenomena,"One of the standard approaches to calculate the ground-state properties of strongly correlated electronic systems is to use a Jastrow–Slater wavefunction as a starting point. When considering confined electrons in a two-dimensional parabolic quantum dot, one chooses the Slater determinant to be the ground-state wavefunction of confined independent electrons and then determines the form of the Jastrow correlation factor in a way that incorporates accurately the spatial correlations of the system. One way to choose a quality Jastrow correlation factor is to consider the two-body problem and search the best possible yet simple approximative solution to such a problem. To achieve this goal, we consider the two-body problem of confined electrons interacting with a Coulomb repulsive potential in zero magnetic field and focus on their relative motion. Based on straightforward theoretical considerations, we suggest a simple two-body Jastrow correlation factor that optimizes very well the overall trial energy. We test the quality of the proposed Jastrow correlation factor by comparing the results to exact numerical diagonalization solutions.",30,1.17952136,1,1
https://openalex.org/W4300862519,https://doi.org/10.1016/j.colsurfa.2022.130296,Crystal shape and size of CdTe colloidal quantum dots controlled by silver doping for enhanced quantum dots sensitized solar cells performance,2022,article,T10321,Quantum Dots Synthesis And Properties,,27,1.8092,4,1
https://openalex.org/W2067860032,https://doi.org/10.1016/j.physe.2013.02.022,Effects of growth conditions on the formation of self-assembled InAs quantum dots grown on (115)A GaAs substrate,2013,article,T10022,Semiconductor Quantum Structures and Devices,,7,0.884,5,1
https://openalex.org/W4229002898,https://doi.org/10.1142/s021886352350011x,Tuning of nonlinear optical properties by size and photonic intensity in CdS/ZnSe core/shell quantum dot-matrix pattern,2022,article,T10321,Quantum Dots Synthesis And Properties,"In this work, we perform a theoretical analysis of the electronic and optical properties of CdS quantum dot (QD) encapsulated in ZnSe matrix. The intersubband energy levels and the matching wave functions are calculated using the effective mass approximation (E.M.A) and the compact density matrix approach. The effect of self-energy contribution due to the charging of CdS QD with ZnSe matrix has been taken into account from the beginning. We found that the linear and nonlinear optical properties are considerably impacted by the size parameter and the optical intensity I. The results obtained have essential consequences for the design of optoelectronic and photonic devices.",5,0.3771,6,2
https://openalex.org/W3129103245,https://doi.org/10.1016/j.optmat.2021.110871,Engineering of dual-band magnetic dipole decay rate enhancement with concentric hollow nanodisk resonators,2021,article,T10245,Metamaterials and Metasurfaces Applications,,3,0.1962,1,1
https://openalex.org/W2091631643,https://doi.org/10.1016/j.physe.2007.08.131,Towards scalable gated quantum dots for quantum information applications,2007,article,T10022,Semiconductor Quantum Structures and Devices,,21,2.7695,10,1
https://openalex.org/W2038352768,https://doi.org/10.1134/1.1641947,Electronic states and vibration spectra of CdTe/ZnTe quantum dot superlattices,2004,article,T10022,Semiconductor Quantum Structures and Devices,"Electronic and vibrational states in CdTe/ZnTe quantum dot superlattices are studied using optical spectroscopy techniques (photoluminescence in a wide temperature range, IR reflection, and Raman scattering). The effect of the ZnTe barrier layer thickness on the luminescence spectra of the structures is discussed. The luminescence from electronically coupled islands is assumed to be due to spatially indirect excitons because of the specific features of the CdTe/ZnTe heterostructure band structure. A combination of quantum-dot vibrational modes, which has not been observed earlier, is detected in the Raman spectra. Analysis of the lattice IR reflection spectra shows that, in the case of large barrier thicknesses between the quantum-dot planes, elastic stresses are concentrated in the Zn1−x CdxTe layers, whereas in structures with lower barrier thicknesses the elastic-strain distribution exhibits a more complicated pattern.",3,0.0,8,2
https://openalex.org/W1615403782,,Bistable tunneling current through a quantum dot array junction,2009,article,T10022,Semiconductor Quantum Structures and Devices,,0,0.0,2,0
https://openalex.org/W3015091871,https://doi.org/10.21883/os.2020.06.49402.57-20,Об интерпретации спектров фотохимически индуцированного кругового дихроизма полупроводниковых нанокристаллов,2020,article,T10666,Photonic Crystals and Applications,"An approach to the analysis and interpretation of the spectra of photoinduced circular dichroism (PICD) of semiconductor nanocrystals, in particular quantum dots, based on their comparison with the spectra of magnetic circular dichroism (MCD), is proposed. It was shown that the MCD and PICD spectra have similar features. The values of parameters similar to the known parameters A and B of the MCD spectra characterizing the splitting and mixing of states were determined from the PICD spectra.",0,0.0,2,0
https://openalex.org/W2768153161,https://doi.org/10.7567/jjap.57.01af03,Improved thermoelectric property of B-doped Si/Ge multilayered quantum dot films prepared by RF magnetron sputtering,2017,article,T10440,Advanced Thermoelectric Materials and Devices,"Abstract The use of nanostructured thermoelectric materials that can effectively reduce the lattice conductivity with minimal effects on electrical properties has been recognized as the most successful approach to decoupling three key parameters ( S , σ, and κ) and reaching high a dimensionless figure of merit ( ZT ) values. Here, five-period multilayer films consisting of 10 nm B-doped Si, 1.1 nm B, and 13 nm B-doped Ge layers in each period were prepared on Si wafer substrates using a magnetron sputtering system. Nanocrystallites of 22 nm diameter were formed by post-annealing at 800 °C in a short time. The nanostructures were confirmed by X-ray diffraction analysis, Raman spectroscopy, and transmission electron microscopy. The maximum Seebeck coefficient of Si/Ge films is significantly increased to 850 µV/K at 200 °C with their electrical resistivity decreased to 1.3 × 10 −5 Ω·m, and the maximum power factor increased to 5.6 × 10 −2 W·m −1 ·K −2 . The improved thermoelectric properties of Si/Ge nanostructured films are possibly attributable to the synergistic effects of interface scattering, interface barrier, and quantum dot localization.",9,0.1155,8,2
https://openalex.org/W4226490278,https://doi.org/10.2139/ssrn.4078385,Acid Treatment to Tune the Optical Properties of Carbon Quantum Dots,2022,article,T11342,Carbon and Quantum Dots Applications,,1,,4,1
https://openalex.org/W2048047747,https://doi.org/10.1016/j.physe.2007.09.127,Spin relaxation due to spin–orbit coupling in multi-electron quantum dots,2007,article,T10382,Quantum and electron transport phenomena,,2,0.2523,5,1
https://openalex.org/W2105281501,https://doi.org/10.1016/s0021-9991(03)00268-7,Numerical methods for semiconductor heterostructures with band nonparabolicity,2003,article,T10382,Quantum and electron transport phenomena,,33,3.829,4,1
https://openalex.org/W4402318748,https://doi.org/10.1021/acsami.4c12559,Large-Area Growth of High-Optical-Quality MoSe<sub>2</sub>/hBN Heterostructures with Tunable Charge Carrier Concentration,2024,article,T10275,2D Materials and Applications,"Van der Waals heterostructures open up vast possibilities for applications in optoelectronics, especially since it was recognized that the optical properties of transition-metal dichalcogenides (TMDC) can be enhanced by adjacent hBN layers. However, although many micrometer-sized structures have been fabricated, the bottleneck for applications remains the lack of large-area structures with electrically tunable photoluminescence emission. In this study, we demonstrate the electrical charge carrier tuning for large-area epitaxial MoSe2 grown directly on epitaxial hBN. The structure is produced in a multistep procedure involving Metalorganic Vapor Phase Epitaxy (MOVPE) growth of large-area hBN, a wet transfer of hBN onto a SiO2/Si substrate, and the subsequent Molecular Beam Epitaxy (MBE) growth of monolayer MoSe2. The electrically induced change of the carrier concentration is deduced from the evolution of well-resolved charged and neutral exciton intensities. Our findings show that it is feasible to grow large-area, electrically addressable, high-optical-quality van der Waals heterostructures.",12,1.3204,12,2
https://openalex.org/W2041517109,https://doi.org/10.1063/1.4848357,Hyperfine-induced hysteretic funnel structure in spin blockaded tunneling current of coupled vertical quantum dots at low magnetic field,2013,article,T10382,Quantum and electron transport phenomena,"We outline the properties of the hyperfine-induced funnel structure observed in the two-electron spin blockade region of a weakly coupled vertical double quantum dot device. Hysteretic steps in the leakage current occur due to dynamic nuclear polarization when either the bias voltage or the magnetic field is swept up and down. When the bias voltage is swept, an intriguing ∼3 mT wide cusp near 0 T appears in the down-sweep position, and when the magnetic field is swept, the current at 0 T can be switched from ""low"" to ""high"" as the bias is increased.",0,0.0,9,1
https://openalex.org/W3039522890,https://doi.org/10.1016/j.snb.2020.128534,Dual-emission ratiometric fluorescent detection of dinotefuran based on sulfur-doped carbon quantum dots and copper nanocluster hybrid,2020,article,T11342,Carbon and Quantum Dots Applications,,73,3.4207,7,1
https://openalex.org/W4386982665,https://doi.org/10.1007/s11082-023-05310-w,Modeling of electronic spectra and optical responses of a laser-affected double GaAsSb/GaAs parabolic quantum well using COMSOL multiphysics: the role of position-dependent effective mass and the static electric field,2023,article,T14363,Optical properties and cooling technologies in crystalline materials,,8,1.646,3,1
https://openalex.org/W2164511339,https://doi.org/10.1142/s0219581x12400388,SYNTHESIS OF NANOCRYSTALLINE <font>CdS</font> QUANTUM DOTS VIA PARAFFIN LIQUID AS SOLVENT AND OLEIC ACID AS THE REACTING MEDIA,2012,article,T10321,Quantum Dots Synthesis And Properties,"Fluorescent semiconductor nanocrystals have been widely used as fluorescent materials in chemical sensors, biotechnology, medical diagnostics, biological imaging and many other fields. Compared to the conventional organic fluorophores, the inorganic quantum dots (QDs) have many advantages, including broad absorption spectra, narrow emission spectra, good photostability and long fluorescent lifetime after excitation. Here, the high quality CdS QDs were synthesized directly from sulfur and CdO using the paraffin liquid as solvent and the oleic acid as the reacting media. The synthesized CdS QDs with a zinc blende (cubic) crystal structure were proved by X-ray diffraction. HRTEM observation revealed that the CdS QDs were uniform and the average grain size was about 4 nm. The optical properties of the CdS QDs were characterized by using photoluminescence (PL) spectrophotometer and Ultraviolet-visible (UV-Vis) absorption spectrophotometer. The formation mechanism of CdS QDs in the paraffin liquid and oleic acid system was proposed.",2,0.1464,5,2
https://openalex.org/W3139630222,,Spin injection in the multiple quantum-well LED structure with the Fe/AlOx injector,2010,article,T10382,Quantum and electron transport phenomena,"A spin-injection/-detection device has been fabricated based on the multiple quantum well light emitting diode (LED) structure. It is found that only a broad electroluminescence (EL) peak of a full width at half maximum of 8.6 nm appears at the wavelength of 801 nm in EL spectra with a circular luminescence polarization degree of 18%, despite PL spectra always show three well resolved peaks. The kinetic energy gained by injected electrons and holes in their drift along opposite directions broadens the EL peak, and makes three EL peaks converge together. The same process also destroys the injected spin polarization of electrons mainly dominated by the Bir-Aronov-Pikus spin relaxing mechanism.",0,0.0,1,1
https://openalex.org/W2073518003,https://doi.org/10.1109/jxcdc.2015.2423096,Tunnel Field-Effect Transistors in 2-D Transition Metal Dichalcogenide Materials,2015,article,T10275,2D Materials and Applications,"In this paper, the performance of tunnel field-effect transistors (TFETs) based on 2-D transition metal dichalcogenide (TMD) materials is investigated by atomistic quantum transport simulations. One of the major challenges of TFETs is their low ON-currents. 2-D material-based TFETs can have tight gate control and high electric fields at the tunnel junction, and can, in principle, generate high ON-currents along with a subthreshold swing (SS) smaller than 60 mV/decade. Our simulations reveal that high-performance TMD TFETs not only require good gate control, but also rely on the choice of the right channel material with optimum bandgap, effective mass, and source/drain doping level. Unlike previous works, a full-band atomistic tight-binding method is used self-consistently with 3-D Poisson equation to simulate ballistic quantum transport in these devices. The effect of the choice of the TMD material on the performance of the device and its transfer characteristics are discussed. Moreover, the criteria for high ON-currents are explained with a simple analytic model, showing the related fundamental factors. Finally, the SS and energy delay of these TFETs are compared with conventional CMOS devices.",191,10.2496,6,1
https://openalex.org/W4366438990,https://doi.org/10.1103/physrevapplied.19.044055,Acoustic Multiplexing Based on Higher-Order Topological Insulators with Combined Valley and Layer Degrees of Freedom,2023,article,T10657,Topological Materials and Phenomena,"Higher-order topological insulators (HOTIs) in classical systems, featuring robust multidimensional boundary states protected by various crystalline symmetries, have become a fast-growing research branch in the vast topological family. Therein, valley pseudospins and layer pseudospins are separately introduced as extra degrees of freedom (DOFs) to manipulate topological phases. Here, we experimentally demonstrate that, by combining valley and layer DOFs, intriguing HOTIs can be realized. They host topological edge and corner states that are simultaneously valley dependent and layer polarized. We implement such HOTIs in bilayer sonic crystals (SCs) consisting of carefully stacked triangular scatterers. By rotating the scatterers, the valley and layer DOFs are interplayed, producing combined valley-layer polarizations. Correspondingly, the SCs exhibit versatile sound transport and localization. This inspires us to design an acoustic multiplexer, where sound waves can be guided along specific directions or trapped at specific locations, depending on the excitation frequencies. Our study of higher-order topology based on the interplay between valley and layer DOFs enriches the topological physics. With combined valley and layer polarizations, the resultant HOTIs also offer versatile ways to guide and/or trap sound waves, which have potential applications in integrated and multiplexing phononic devices.",18,3.5803,5,1
https://openalex.org/W2008920190,https://doi.org/10.1103/physrevb.90.045145,Anomalous Fermi-liquid phase in metallic skyrmion crystals,2014,article,T10049,Magnetic properties of thin films,"In noncentrosymmetric crystals such as MnSi, magnetic order can take the form of a skyrmion crystal (SkX). In this phase, conduction electrons coupled to the local magnetic moments acquire a Berry phase, leading to an emergent electromagnetism. Motivated by experimental reports of a non-Fermi-liquid phase in MnSi, in which resistivity is observed to scale as $\ensuremath{\Delta}\ensuremath{\rho}\ensuremath{\sim}{T}^{3/2}$, here we examine the effect of coupling phonons of an incommensurate SkX to electrons. Despite the formal similarity to a system consisting of a Fermi surface coupled to an electromagnetic field, the Berry phase fluctuations do not lead to non-Fermi-liquid behavior. Instead, we propose a different mechanism in which electrons scatter off columnar fluctuation in a three-dimensional SkX. When the effects of lattice-induced anisotropy are neglected, these fluctuations are ultrasoft and induce an ``anomalous Fermi liquid'' in which Landau quasiparticles survive but with an anomalous $\ensuremath{\Delta}\ensuremath{\rho}(T)\ensuremath{\sim}{T}^{7/4}$ resistivity perpendicular to the columns, and a Fermi-liquid resistivity along them.",20,3.2694,4,1
https://openalex.org/W4244354958,https://doi.org/10.1038/nnano.2010.228,Quantum dots beat the limit,2010,article,T10321,Quantum Dots Synthesis And Properties,,0,0.0,0,0
